station_id,date_time,wind_direction,wind_speed,wind_gust,visibility,current_wx1,current_wx2,current_wx3,low_cloud_type,low_cloud_level,medium_cloud_type,medium_cloud_level,high_cloud_type,high_cloud_level,highest_cloud_type,highest_cloud_level,air_temperature,dew_point_temperature,altimeter
SBGR,2023-12-01 00:00:00,110,2.0,,9999,,,,FEW,4000.0,,,,,,,23.0,20.0,30.0
SBGR,2023-12-01 01:00:00,130,2.0,,10000,,,,,,,,,,,,22.0,20.0,30.0
SBGR,2023-12-01 02:00:00,80,8.0,,10000,,,,,,,,,,,,22.0,21.0,30.03
SBGR,2023-12-01 03:00:00,150,2.0,,10000,,,,,,,,,,,,20.0,20.0,30.03
SBGR,2023-12-01 04:00:00,110,3.0,,10000,,,,,,,,,,,,21.0,20.0,30.0
SBGR,2023-12-01 05:00:00,170,2.0,,10000,,,,,,,,,,,,19.0,19.0,29.97
SBGR,2023-12-01 06:00:00,0,0.0,,9999,,,,FEW,900.0,,,,,,,20.0,20.0,29.97
SBGR,2023-12-01 07:00:00,150,2.0,,10000,,,,,,,,,,,,19.0,19.0,29.97
SBGR,2023-12-01 08:00:00,0,0.0,,6000,,,,SCT,900.0,,,,,,,19.0,19.0,30.0
SBGR,2023-12-01 09:00:00,130,1.0,,3000,BR,,,SCT,700.0,,,,,,,19.0,19.0,30.0
SBGR,2023-12-01 10:00:00,40,3.0,,3000,BR,,,NSC,,,,,,,,22.0,20.0,30.03
SBGR,2023-12-01 11:00:00,80,4.0,,5000,HZ,,,SCT,1300.0,,,,,,,25.0,20.0,30.03
SBGR,2023-12-01 12:00:00,110,5.0,,6000,,,,SCT,2000.0,,,,,,,26.0,20.0,30.03
SBGR,2023-12-01 13:00:00,120,4.0,,8000,,,,BKN,3000.0,,,,,,,26.0,19.0,30.03
SBGR,2023-12-01 14:00:00,30,5.0,,9000,,,,SCT,3000.0,,,,,,,27.0,20.0,30.03
SBGR,2023-12-01 15:00:00,80,3.0,,9999,,,,SCT,4000.0,,,,,,,29.0,20.0,30.0
SBGR,2023-12-01 16:00:00,150,4.0,,9999,,,,BKN,4500.0,,,,,,,29.0,19.0,29.97
SBGR,2023-12-01 17:00:00,150,7.0,,9999,,,,SCT,4000.0,,,,,,,30.0,19.0,29.97
SBGR,2023-12-01 18:00:00,170,6.0,,9999,,,,SCT,4000.0,,,,,,,30.0,20.0,29.94
SBGR,2023-12-01 19:00:00,170,8.0,,9999,,,,FEW,4000.0,,,,,,,29.0,20.0,29.94
SBGR,2023-12-01 20:00:00,120,7.0,,10000,,,,,,,,,,,,28.0,20.0,29.94
SBGR,2023-12-01 21:00:00,140,6.0,,10000,,,,,,,,,,,,26.0,20.0,29.94
SBGR,2023-12-01 22:00:00,140,4.0,,10000,,,,,,,,,,,,24.0,20.0,29.97
SBGR,2023-12-01 23:00:00,160,3.0,,9999,,,,FEW,1500.0,,,,,,,22.0,20.0,30.0
SBGR,2023-12-02 00:00:00,70,4.0,,9000,,,,FEW,1500.0,,,,,,,22.0,20.0,30.0
SBGR,2023-12-02 01:00:00,80,2.0,,7000,,,,NSC,,,,,,,,21.0,19.0,30.0
SBGR,2023-12-02 02:00:00,90,3.0,,9000,,,,NSC,,,,,,,,21.0,19.0,29.97
SBGR,2023-12-02 03:00:00,100,3.0,,10000,,,,,,,,,,,,19.0,19.0,29.97
SBGR,2023-12-02 04:00:00,90,3.0,,10000,,,,,,,,,,,,19.0,18.0,29.94
SBGR,2023-12-02 05:00:00,90,3.0,,10000,,,,,,,,,,,,18.0,18.0,29.94
SBGR,2023-12-02 06:00:00,110,3.0,,10000,,,,,,,,,,,,18.0,17.0,29.94
SBGR,2023-12-02 06:28:00,80,3.0,,6000,,,,BKN,800.0,,,,,,,18.0,17.0,29.94
SBGR,2023-12-02 07:00:00,100,2.0,,5000,BR,,,OVC,500.0,,,,,,,19.0,19.0,29.97
SBGR,2023-12-02 07:38:00,80,3.0,,4500,BR,,,OVC,300.0,,,,,,,19.0,19.0,29.97
SBGR,2023-12-02 08:00:00,140,2.0,,4500,BR,,,OVC,400.0,,,,,,,19.0,19.0,29.97
SBGR,2023-12-02 09:00:00,110,2.0,,3000,BR,,,OVC,400.0,,,,,,,20.0,19.0,30.0
SBGR,2023-12-02 10:00:00,40,4.0,,4000,BR,,,OVC,700.0,,,,,,,20.0,19.0,30.0
SBGR,2023-12-02 10:35:00,50,4.0,,8000,,,,OVC,900.0,,,,,,,21.0,19.0,30.0
SBGR,2023-12-02 11:00:00,70,6.0,,8000,,,,BKN,1000.0,,,,,,,21.0,19.0,30.0
SBGR,2023-12-02 11:35:00,60,5.0,,10000,,,,,,,,,,,,23.0,19.0,30.0
SBGR,2023-12-02 12:00:00,30,4.0,,10000,,,,,,,,,,,,23.0,19.0,30.0
SBGR,2023-12-02 13:00:00,100,2.0,,10000,,,,,,,,,,,,26.0,20.0,29.97
SBGR,2023-12-02 14:00:00,210,4.0,,10000,,,,,,,,,,,,29.0,19.0,29.97
SBGR,2023-12-02 15:00:00,180,4.0,,10000,,,,,,,,,,,,31.0,18.0,29.94
SBGR,2023-12-02 16:00:00,180,5.0,,10000,,,,,,,,,,,,32.0,18.0,29.91
SBGR,2023-12-02 17:00:00,190,5.0,,10000,,,,,,,,,,,,33.0,15.0,29.88
SBGR,2023-12-02 18:00:00,190,5.0,,10000,,,,,,,,,,,,32.0,15.0,29.88
SBGR,2023-12-02 19:00:00,180,6.0,,10000,,,,,,,,,,,,32.0,19.0,29.85
SBGR,2023-12-02 20:00:00,170,8.0,,10000,,,,,,,,,,,,31.0,19.0,29.85
SBGR,2023-12-02 21:00:00,160,8.0,,10000,,,,,,,,,,,,30.0,18.0,29.85
SBGR,2023-12-02 22:00:00,170,6.0,,10000,,,,,,,,,,,,28.0,19.0,29.88
SBGR,2023-12-02 23:00:00,130,4.0,,10000,,,,,,,,,,,,27.0,20.0,29.94
SBGR,2023-12-03 00:00:00,0,0.0,,10000,,,,,,,,,,,,24.0,20.0,29.94
SBGR,2023-12-03 01:00:00,150,1.0,,10000,,,,,,,,,,,,24.0,20.0,29.94
SBGR,2023-12-03 02:00:00,100,2.0,,10000,,,,,,,,,,,,23.0,20.0,29.94
SBGR,2023-12-03 03:00:00,0,0.0,,10000,,,,,,,,,,,,21.0,20.0,29.94
SBGR,2023-12-03 04:00:00,0,0.0,,10000,,,,,,,,,,,,20.0,20.0,29.91
SBGR,2023-12-03 05:00:00,100,2.0,,10000,,,,,,,,,,,,20.0,20.0,29.91
SBGR,2023-12-03 06:00:00,110,1.0,,10000,,,,,,,,,,,,20.0,20.0,29.88
SBGR,2023-12-03 07:00:00,70,4.0,,10000,,,,,,,,,,,,20.0,19.0,29.88
SBGR,2023-12-03 08:00:00,110,3.0,,9000,,,,NSC,,,,,,,,19.0,18.0,29.91
SBGR,2023-12-03 09:00:00,230,2.0,,9000,,,,NSC,,,,,,,,19.0,18.0,29.91
SBGR,2023-12-03 10:00:00,20,3.0,,10000,,,,,,,,,,,,23.0,20.0,29.91
SBGR,2023-12-03 11:00:00,60,6.0,,10000,,,,,,,,,,,,25.0,20.0,29.94
SBGR,2023-12-03 12:00:00,80,5.0,,10000,,,,,,,,,,,,27.0,20.0,29.94
SBGR,2023-12-03 13:00:00,50,4.0,,10000,,,,,,,,,,,,29.0,19.0,29.91
SBGR,2023-12-03 14:00:00,20,3.0,,10000,,,,,,,,,,,,30.0,20.0,29.91
SBGR,2023-12-03 15:00:00,20,4.0,,10000,,,,,,,,,,,,31.0,19.0,29.88
SBGR,2023-12-03 16:00:00,180,3.0,,9999,,,,FEW,4800.0,,,,,,,33.0,16.0,29.88
SBGR,2023-12-03 17:00:00,160,5.0,,8000,,,,NSC,,,,,,,,33.0,20.0,29.85
SBGR,2023-12-03 18:00:00,150,8.0,,8000,,,,NSC,,,,,,,,31.0,21.0,29.83
SBGR,2023-12-03 19:00:00,180,7.0,,7000,,,,NSC,,,,,,,,30.0,21.0,29.85
SBGR,2023-12-03 20:00:00,170,7.0,,8000,,,,NSC,,,,,,,,29.0,17.0,29.83
SBGR,2023-12-03 21:00:00,170,5.0,,10000,,,,,,,,,,,,29.0,16.0,29.85
SBGR,2023-12-03 22:00:00,180,3.0,,10000,,,,,,,,,,,,27.0,13.0,29.88
SBGR,2023-12-03 23:00:00,170,3.0,,10000,,,,,,,,,,,,25.0,18.0,29.91
SBGR,2023-12-04 00:00:00,130,4.0,,10000,,,,,,,,,,,,24.0,18.0,29.94
SBGR,2023-12-04 01:00:00,90,2.0,,10000,,,,,,,,,,,,23.0,20.0,29.97
SBGR,2023-12-04 02:00:00,160,3.0,,10000,,,,,,,,,,,,23.0,20.0,29.97
SBGR,2023-12-04 03:00:00,170,3.0,,10000,,,,,,,,,,,,22.0,20.0,29.97
SBGR,2023-12-04 04:00:00,180,3.0,,8000,,,,NSC,,,,,,,,21.0,19.0,29.97
SBGR,2023-12-04 05:00:00,150,2.0,,7000,,,,FEW,1200.0,,,,,,,21.0,19.0,29.94
SBGR,2023-12-04 06:00:00,190,1.0,,7000,,,,SCT,1300.0,,,,,,,20.0,19.0,29.94
SBGR,2023-12-04 07:00:00,150,2.0,,5000,BR,,,SCT,1100.0,,,,,,,20.0,19.0,29.97
SBGR,2023-12-04 07:14:00,140,2.0,,5000,BR,,,BKN,1300.0,,,,,,,20.0,19.0,29.97
SBGR,2023-12-04 08:00:00,140,3.0,,5000,BR,,,NSC,,,,,,,,20.0,19.0,29.97
SBGR,2023-12-04 09:00:00,0,0.0,,5000,BR,,,SCT,1300.0,,,,,,,20.0,19.0,30.0
SBGR,2023-12-04 09:02:00,140,1.0,,4000,BR,,,BKN,1300.0,,,,,,,20.0,19.0,30.0
SBGR,2023-12-04 10:00:00,150,3.0,,5000,BR,,,BKN,1300.0,,,,,,,22.0,19.0,30.0
SBGR,2023-12-04 10:25:00,100,2.0,,6000,,,,FEW,1500.0,,,,,,,23.0,17.0,30.0
SBGR,2023-12-04 11:00:00,60,3.0,,7000,,,,FEW,1500.0,,,,,,,24.0,19.0,30.0
SBGR,2023-12-04 12:00:00,0,0.0,,10000,,,,,,,,,,,,25.0,18.0,30.0
SBGR,2023-12-04 13:00:00,70,4.0,,10000,,,,,,,,,,,,27.0,19.0,30.0
SBGR,2023-12-04 14:00:00,140,4.0,,10000,,,,,,,,,,,,29.0,19.0,30.0
SBGR,2023-12-04 15:00:00,150,3.0,,9999,,,,SCT,4500.0,,,,,,,31.0,20.0,29.97
SBGR,2023-12-04 16:00:00,320,4.0,,9999,,,,SCT,4500.0,,,,,,,31.0,19.0,29.94
SBGR,2023-12-04 17:00:00,190,4.0,,9999,,,,SCT,4000.0,FEW,4500.0,,,,,34.0,17.0,29.91
SBGR,2023-12-04 18:00:00,150,7.0,,9999,,,,SCT,4000.0,FEW,4500.0,,,,,32.0,21.0,29.91
SBGR,2023-12-04 19:00:00,180,7.0,,9999,,,,SCT,4000.0,FEW,4500.0,,,,,28.0,21.0,29.94
SBGR,2023-12-04 20:00:00,190,7.0,,7000,,,,OVC,1500.0,,,,,,,24.0,21.0,29.97
SBGR,2023-12-04 20:24:00,170,6.0,,9000,,,,OVC,1300.0,,,,,,,23.0,20.0,29.97
SBGR,2023-12-04 21:00:00,160,8.0,,9000,,,,OVC,1100.0,,,,,,,22.0,20.0,29.97
SBGR,2023-12-04 22:00:00,160,7.0,,9999,,,,OVC,1100.0,,,,,,,22.0,20.0,30.0
SBGR,2023-12-04 23:00:00,150,7.0,,9999,,,,OVC,1300.0,,,,,,,22.0,20.0,30.06
SBGR,2023-12-05 00:00:00,160,5.0,,9999,,,,OVC,1300.0,,,,,,,22.0,20.0,30.09
SBGR,2023-12-05 01:00:00,150,6.0,,6000,-DZ,VCTS,,BKN,1000.0,BKN,1900.0,FEW,3000.0,,,21.0,20.0,30.12
SBGR,2023-12-05 02:00:00,130,4.0,,9000,VCTS,,,BKN,1300.0,FEW,3000.0,,,,,22.0,19.0,30.12
SBGR,2023-12-05 02:30:00,160,4.0,,7000,-RA,,,BKN,900.0,OVC,1300.0,,,,,20.0,20.0,30.12
SBGR,2023-12-05 03:00:00,150,4.0,,7000,-RA,,,BKN,1000.0,OVC,1300.0,,,,,21.0,20.0,30.12
SBGR,2023-12-05 04:00:00,230,2.0,,8000,,,,FEW,1000.0,OVC,10000.0,,,,,21.0,20.0,30.09
SBGR,2023-12-05 05:00:00,0,0.0,,10000,,,,,,,,,,,,20.0,19.0,30.06
SBGR,2023-12-05 06:00:00,170,2.0,,9999,,,,BKN,3000.0,BKN,10000.0,,,,,21.0,19.0,30.06
SBGR,2023-12-05 07:00:00,150,2.0,,9999,,,,BKN,3000.0,,,,,,,20.0,19.0,30.06
SBGR,2023-12-05 08:00:00,110,3.0,,9999,,,,BKN,3000.0,,,,,,,21.0,19.0,30.09
SBGR,2023-12-05 08:27:00,140,2.0,,9999,,,,BKN,1300.0,,,,,,,21.0,19.0,30.09
SBGR,2023-12-05 09:00:00,160,1.0,,9999,,,,BKN,1300.0,,,,,,,21.0,19.0,30.09
SBGR,2023-12-05 10:00:00,170,1.0,,9999,,,,FEW,1300.0,BKN,1500.0,BKN,10000.0,,,21.0,19.0,30.12
SBGR,2023-12-05 11:00:00,130,4.0,,9999,,,,SCT,1700.0,SCT,10000.0,,,,,23.0,19.0,30.12
SBGR,2023-12-05 12:00:00,150,4.0,,9999,,,,BKN,2000.0,,,,,,,24.0,18.0,30.12
SBGR,2023-12-05 13:00:00,110,6.0,,9999,,,,BKN,2500.0,,,,,,,26.0,19.0,30.12
SBGR,2023-12-05 14:00:00,130,5.0,,9999,,,,BKN,3000.0,,,,,,,27.0,19.0,30.12
SBGR,2023-12-05 15:00:00,100,7.0,,9999,,,,BKN,3500.0,,,,,,,28.0,19.0,30.09
SBGR,2023-12-05 16:00:00,80,7.0,,9999,,,,BKN,3500.0,,,,,,,28.0,19.0,30.09
SBGR,2023-12-05 17:00:00,130,8.0,,9999,,,,BKN,3000.0,,,,,,,28.0,20.0,30.06
SBGR,2023-12-05 18:00:00,140,6.0,,9000,,,,OVC,2500.0,,,,,,,26.0,20.0,30.06
SBGR,2023-12-05 19:00:00,180,8.0,,9999,,,,BKN,2600.0,,,,,,,26.0,20.0,30.03
SBGR,2023-12-05 20:00:00,170,9.0,,8000,,,,BKN,3000.0,,,,,,,25.0,20.0,30.03
SBGR,2023-12-05 21:00:00,160,9.0,,8000,,,,BKN,1900.0,,,,,,,24.0,20.0,30.03
SBGR,2023-12-05 22:00:00,140,6.0,,9000,,,,OVC,1500.0,,,,,,,23.0,20.0,30.06
SBGR,2023-12-05 23:00:00,150,5.0,,9000,,,,OVC,1700.0,,,,,,,23.0,19.0,30.09
SBGR,2023-12-06 00:00:00,140,4.0,,9999,,,,OVC,1400.0,,,,,,,23.0,19.0,30.09
SBGR,2023-12-06 01:00:00,150,5.0,,9999,,,,OVC,1300.0,,,,,,,22.0,20.0,30.12
SBGR,2023-12-06 02:00:00,110,6.0,,9999,,,,OVC,1500.0,,,,,,,22.0,20.0,30.09
SBGR,2023-12-06 03:00:00,130,5.0,,9999,,,,OVC,1300.0,,,,,,,22.0,20.0,30.09
SBGR,2023-12-06 04:00:00,160,3.0,,9999,,,,OVC,1300.0,,,,,,,22.0,20.0,30.06
SBGR,2023-12-06 05:00:00,140,3.0,,9999,,,,OVC,1500.0,,,,,,,22.0,19.0,30.03
SBGR,2023-12-06 06:00:00,100,3.0,,9999,,,,OVC,1700.0,,,,,,,22.0,20.0,30.03
SBGR,2023-12-06 07:00:00,60,5.0,,9999,,,,OVC,1500.0,,,,,,,22.0,20.0,30.03
SBGR,2023-12-06 08:00:00,50,6.0,,9999,,,,OVC,1500.0,,,,,,,22.0,20.0,30.06
SBGR,2023-12-06 08:06:00,40,5.0,,9999,,,,OVC,1000.0,,,,,,,22.0,20.0,30.06
SBGR,2023-12-06 09:00:00,70,4.0,,9999,,,,BKN,1000.0,BKN,4500.0,,,,,22.0,20.0,30.09
SBGR,2023-12-06 10:00:00,50,4.0,,9999,,,,SCT,1300.0,BKN,2500.0,,,,,23.0,20.0,30.09
SBGR,2023-12-06 11:00:00,30,5.0,,9999,,,,FEW,1000.0,BKN,2000.0,,,,,24.0,20.0,30.09
SBGR,2023-12-06 12:00:00,330,6.0,16.0,9999,,,,SCT,2000.0,,,,,,,26.0,20.0,30.09
SBGR,2023-12-06 13:00:00,360,4.0,,9999,,,,SCT,3000.0,,,,,,,28.0,21.0,30.06
SBGR,2023-12-06 14:00:00,360,6.0,,9999,,,,SCT,3500.0,,,,,,,29.0,20.0,30.06
SBGR,2023-12-06 15:00:00,330,6.0,,9999,,,,BKN,4000.0,,,,,,,30.0,20.0,30.03
SBGR,2023-12-06 16:00:00,300,6.0,,9999,,,,SCT,4500.0,,,,,,,30.0,19.0,30.03
SBGR,2023-12-06 17:00:00,320,5.0,,9999,,,,SCT,4500.0,,,,,,,31.0,21.0,30.0
SBGR,2023-12-06 18:00:00,280,9.0,,9999,,,,SCT,4500.0,,,,,,,33.0,20.0,29.97
SBGR,2023-12-06 19:00:00,310,8.0,,10000,,,,,,,,,,,,32.0,19.0,29.94
SBGR,2023-12-06 20:00:00,320,8.0,,10000,,,,,,,,,,,,32.0,19.0,29.94
SBGR,2023-12-06 21:00:00,300,7.0,,9999,,,,SCT,4500.0,,,,,,,31.0,19.0,29.94
SBGR,2023-12-06 22:00:00,310,6.0,,9999,,,,FEW,5000.0,SCT,7000.0,,,,,29.0,19.0,29.97
SBGR,2023-12-06 23:00:00,210,2.0,,9999,VCTS,,,FEW,5000.0,SCT,7000.0,,,,,28.0,21.0,29.97
SBGR,2023-12-07 00:00:00,120,2.0,,9000,,,,NSC,,,,,,,,26.0,23.0,30.03
SBGR,2023-12-07 01:00:00,80,6.0,,10000,,,,,,,,,,,,26.0,22.0,30.03
SBGR,2023-12-07 02:00:00,70,9.0,,10000,,,,,,,,,,,,25.0,21.0,30.03
SBGR,2023-12-07 03:00:00,70,7.0,,10000,,,,,,,,,,,,24.0,21.0,30.0
SBGR,2023-12-07 04:00:00,80,5.0,,10000,,,,,,,,,,,,24.0,21.0,30.0
SBGR,2023-12-07 05:00:00,150,1.0,,10000,,,,,,,,,,,,23.0,21.0,29.97
SBGR,2023-12-07 06:00:00,110,2.0,,10000,,,,,,,,,,,,23.0,20.0,29.97
SBGR,2023-12-07 07:00:00,170,1.0,,10000,,,,,,,,,,,,21.0,20.0,29.97
SBGR,2023-12-07 08:00:00,80,3.0,,10000,,,,,,,,,,,,23.0,20.0,29.97
SBGR,2023-12-07 09:00:00,70,6.0,,10000,,,,,,,,,,,,23.0,21.0,30.0
SBGR,2023-12-07 10:00:00,70,3.0,,10000,,,,,,,,,,,,26.0,20.0,30.0
SBGR,2023-12-07 11:00:00,350,3.0,,10000,,,,,,,,,,,,29.0,20.0,30.03
SBGR,2023-12-07 12:00:00,360,6.0,,10000,,,,,,,,,,,,30.0,20.0,30.03
SBGR,2023-12-07 13:00:00,20,9.0,,10000,,,,,,,,,,,,31.0,20.0,30.0
SBGR,2023-12-07 14:00:00,300,12.0,,9999,,,,SCT,4500.0,,,,,,,32.0,19.0,30.0
SBGR,2023-12-07 15:00:00,300,8.0,,9999,,,,SCT,4500.0,,,,,,,32.0,19.0,29.97
SBGR,2023-12-07 16:00:00,280,13.0,,9999,,,,SCT,4500.0,,,,,,,34.0,19.0,29.94
SBGR,2023-12-07 17:00:00,310,10.0,,9999,,,,SCT,4500.0,,,,,,,35.0,19.0,29.91
SBGR,2023-12-07 18:00:00,290,9.0,,9999,,,,FEW,5000.0,SCT,7000.0,,,,,35.0,18.0,29.91
SBGR,2023-12-07 19:00:00,330,9.0,,9999,VCSH,,,FEW,5000.0,BKN,7000.0,,,,,33.0,18.0,29.91
SBGR,2023-12-07 19:25:00,320,16.0,43.0,5000,-TSRA,,,FEW,4000.0,BKN,7000.0,,,,,32.0,19.0,29.91
SBGR,2023-12-07 19:33:00,260,28.0,43.0,5000,TSRA,,,FEW,4000.0,BKN,7000.0,,,,,23.0,18.0,29.94
SBGR,2023-12-07 20:00:00,10,11.0,,8000,-TSRA,,,FEW,4000.0,BKN,7000.0,,,,,27.0,20.0,29.94
SBGR,2023-12-07 21:00:00,320,8.0,,9999,,,,FEW,5000.0,BKN,10000.0,,,,,29.0,19.0,29.91
SBGR,2023-12-07 22:00:00,10,5.0,,9999,,,,FEW,5000.0,,,,,,,27.0,19.0,29.94
SBGR,2023-12-07 23:00:00,70,9.0,,9999,VCTS,,,FEW,5000.0,,,,,,,25.0,20.0,29.97
SBGR,2023-12-08 00:00:00,330,5.0,,9999,TS,,,FEW,4000.0,BKN,10000.0,,,,,26.0,19.0,30.0
SBGR,2023-12-08 01:00:00,190,5.0,,9999,VCTS,,,BKN,3000.0,FEW,4000.0,,,,,25.0,19.0,30.06
SBGR,2023-12-08 02:00:00,190,2.0,,9999,VCTS,,,FEW,4000.0,BKN,8000.0,,,,,24.0,20.0,30.03
SBGR,2023-12-08 03:00:00,240,6.0,,10000,,,,,,,,,,,,24.0,18.0,30.03
SBGR,2023-12-08 04:00:00,290,7.0,,10000,,,,,,,,,,,,24.0,18.0,30.03
SBGR,2023-12-08 04:35:00,260,18.0,,9999,TSRA,,,SCT,4000.0,FEW,5000.0,BKN,8000.0,,,22.0,19.0,30.03
SBGR,2023-12-08 05:00:00,250,8.0,,9000,-RA,VCTS,,SCT,4000.0,FEW,5000.0,BKN,8000.0,,,21.0,19.0,30.03
SBGR,2023-12-08 06:00:00,10,6.0,,10000,,,,,,,,,,,,21.0,20.0,30.0
SBGR,2023-12-08 07:00:00,10,7.0,,10000,,,,,,,,,,,,21.0,20.0,29.97
SBGR,2023-12-08 08:00:00,60,9.0,,10000,,,,,,,,,,,,21.0,19.0,29.94
SBGR,2023-12-08 09:00:00,230,9.0,,9999,,,,SCT,2000.0,BKN,10000.0,,,,,21.0,19.0,30.03
SBGR,2023-12-08 10:00:00,140,2.0,,10000,,,,,,,,,,,,22.0,20.0,30.03
SBGR,2023-12-08 11:00:00,180,2.0,,10000,,,,,,,,,,,,23.0,20.0,30.06
SBGR,2023-12-08 12:00:00,140,3.0,,10000,,,,,,,,,,,,24.0,19.0,30.03
SBGR,2023-12-08 13:00:00,40,2.0,,9999,,,,FEW,3000.0,,,,,,,27.0,19.0,30.03
SBGR,2023-12-08 14:00:00,190,4.0,,9999,,,,SCT,4000.0,,,,,,,29.0,18.0,30.03
SBGR,2023-12-08 15:00:00,200,4.0,,9999,,,,SCT,4000.0,,,,,,,29.0,18.0,30.0
SBGR,2023-12-08 16:00:00,220,9.0,,9999,,,,BKN,4500.0,,,,,,,30.0,17.0,30.0
SBGR,2023-12-08 17:00:00,190,6.0,,9999,,,,BKN,4500.0,,,,,,,29.0,19.0,30.0
SBGR,2023-12-08 18:00:00,190,10.0,,9999,,,,SCT,4500.0,,,,,,,28.0,20.0,30.0
SBGR,2023-12-08 19:00:00,170,12.0,,9999,,,,BKN,2000.0,,,,,,,26.0,20.0,30.0
SBGR,2023-12-08 20:00:00,180,8.0,,9999,,,,BKN,1700.0,,,,,,,24.0,20.0,30.03
SBGR,2023-12-08 21:00:00,180,9.0,,9999,,,,OVC,1500.0,,,,,,,23.0,19.0,30.03
SBGR,2023-12-08 22:00:00,160,8.0,,9999,,,,OVC,1500.0,,,,,,,22.0,19.0,30.06
SBGR,2023-12-08 22:30:00,180,6.0,,9999,,,,OVC,1100.0,,,,,,,21.0,19.0,30.09
SBGR,2023-12-08 23:00:00,180,7.0,,9999,,,,OVC,1300.0,,,,,,,21.0,19.0,30.09
SBGR,2023-12-09 00:00:00,170,7.0,,9999,,,,OVC,1100.0,,,,,,,21.0,19.0,30.12
SBGR,2023-12-09 01:00:00,160,6.0,,9999,,,,OVC,1500.0,,,,,,,21.0,18.0,30.12
SBGR,2023-12-09 02:00:00,150,6.0,,9999,,,,BKN,1300.0,OVC,1700.0,,,,,21.0,18.0,30.12
SBGR,2023-12-09 03:00:00,140,5.0,,9999,,,,BKN,1200.0,OVC,3000.0,,,,,20.0,18.0,30.09
SBGR,2023-12-09 04:00:00,150,7.0,,9000,-DZ,,,FEW,800.0,BKN,1200.0,OVC,2000.0,,,20.0,18.0,30.06
SBGR,2023-12-09 05:00:00,150,7.0,,9999,,,,OVC,1300.0,,,,,,,19.0,17.0,30.06
SBGR,2023-12-09 06:00:00,140,6.0,,9999,,,,OVC,1300.0,,,,,,,19.0,17.0,30.03
SBGR,2023-12-09 07:00:00,160,5.0,,9999,,,,OVC,1300.0,,,,,,,18.0,17.0,30.03
SBGR,2023-12-09 08:00:00,170,5.0,,9999,,,,OVC,1300.0,,,,,,,18.0,16.0,30.06
SBGR,2023-12-09 09:00:00,160,4.0,,9999,,,,OVC,1300.0,,,,,,,18.0,17.0,30.06
SBGR,2023-12-09 10:00:00,150,5.0,,9999,,,,OVC,1300.0,,,,,,,19.0,17.0,30.09
SBGR,2023-12-09 11:00:00,150,6.0,,5000,-DZ,BR,,BKN,900.0,OVC,1300.0,,,,,19.0,17.0,30.09
SBGR,2023-12-09 12:00:00,160,6.0,,5000,-DZ,BR,,BKN,900.0,OVC,1300.0,,,,,18.0,17.0,30.12
SBGR,2023-12-09 12:38:00,110,4.0,,9999,,,,BKN,1700.0,OVC,2100.0,,,,,21.0,17.0,30.12
SBGR,2023-12-09 13:00:00,110,6.0,,9999,,,,BKN,1900.0,OVC,2100.0,,,,,21.0,17.0,30.12
SBGR,2023-12-09 14:00:00,160,5.0,,6000,-DZ,,,OVC,1700.0,,,,,,,21.0,17.0,30.12
SBGR,2023-12-09 14:28:00,160,8.0,,5000,-DZ,,,OVC,1300.0,,,,,,,20.0,18.0,30.12
SBGR,2023-12-09 15:00:00,170,7.0,,6000,-DZ,,,OVC,1100.0,,,,,,,20.0,18.0,30.12
SBGR,2023-12-09 16:00:00,140,8.0,,9999,,,,OVC,2100.0,,,,,,,22.0,17.0,30.09
SBGR,2023-12-09 17:00:00,150,8.0,,9999,,,,OVC,1700.0,,,,,,,21.0,17.0,30.09
SBGR,2023-12-09 18:00:00,170,6.0,,9999,,,,OVC,1700.0,,,,,,,21.0,17.0,30.09
SBGR,2023-12-09 19:00:00,170,9.0,,9999,,,,OVC,1700.0,,,,,,,20.0,17.0,30.09
SBGR,2023-12-09 20:00:00,120,9.0,,9999,,,,OVC,1700.0,,,,,,,20.0,16.0,30.09
SBGR,2023-12-09 20:25:00,120,8.0,,9999,,,,OVC,1100.0,,,,,,,19.0,17.0,30.09
SBGR,2023-12-09 21:00:00,110,8.0,,9999,,,,FEW,1100.0,OVC,1700.0,,,,,20.0,16.0,30.09
SBGR,2023-12-09 22:00:00,120,11.0,,9999,,,,BKN,1300.0,OVC,1700.0,,,,,19.0,16.0,30.09
SBGR,2023-12-09 23:00:00,130,9.0,,9999,,,,OVC,1300.0,,,,,,,19.0,16.0,30.12
SBGR,2023-12-10 00:00:00,120,9.0,,9999,,,,BKN,1300.0,OVC,2500.0,,,,,18.0,15.0,30.12
SBGR,2023-12-10 01:00:00,120,7.0,,9999,,,,SCT,1500.0,BKN,2000.0,,,,,18.0,15.0,30.15
SBGR,2023-12-10 02:00:00,110,8.0,,9999,,,,SCT,1700.0,BKN,2500.0,,,,,18.0,15.0,30.15
SBGR,2023-12-10 03:00:00,120,8.0,,9999,,,,FEW,1500.0,BKN,2000.0,,,,,18.0,15.0,30.12
SBGR,2023-12-10 04:00:00,110,6.0,,9999,,,,BKN,2000.0,,,,,,,18.0,15.0,30.09
SBGR,2023-12-10 05:00:00,120,7.0,,9999,,,,OVC,2300.0,,,,,,,18.0,15.0,30.09
SBGR,2023-12-10 06:00:00,100,5.0,,9999,,,,OVC,2300.0,,,,,,,18.0,14.0,30.06
SBGR,2023-12-10 07:00:00,80,7.0,,9999,,,,OVC,1900.0,,,,,,,18.0,14.0,30.06
SBGR,2023-12-10 08:00:00,90,6.0,,9999,,,,OVC,1700.0,,,,,,,18.0,15.0,30.06
SBGR,2023-12-10 09:00:00,60,5.0,,9999,,,,OVC,2000.0,,,,,,,18.0,15.0,30.06
SBGR,2023-12-10 10:00:00,70,10.0,,9999,,,,BKN,2000.0,,,,,,,19.0,15.0,30.06
SBGR,2023-12-10 11:00:00,70,11.0,,9999,,,,BKN,2000.0,,,,,,,20.0,15.0,30.06
SBGR,2023-12-10 12:00:00,50,11.0,,9999,,,,OVC,2000.0,,,,,,,20.0,16.0,30.06
SBGR,2023-12-10 13:00:00,50,9.0,,9999,,,,BKN,2000.0,,,,,,,21.0,16.0,30.03
SBGR,2023-12-10 14:00:00,60,9.0,,9999,,,,FEW,2500.0,,,,,,,24.0,17.0,30.03
SBGR,2023-12-10 15:00:00,50,7.0,,10000,,,,,,,,,,,,26.0,18.0,30.0
SBGR,2023-12-10 16:00:00,100,5.0,,9999,,,,BKN,3500.0,,,,,,,26.0,18.0,30.0
SBGR,2023-12-10 17:00:00,90,7.0,,9999,,,,BKN,3300.0,,,,,,,27.0,18.0,29.97
SBGR,2023-12-10 18:00:00,140,7.0,,9999,,,,BKN,3300.0,,,,,,,26.0,19.0,29.94
SBGR,2023-12-10 19:00:00,150,9.0,,9999,,,,BKN,2300.0,,,,,,,24.0,19.0,29.94
SBGR,2023-12-10 20:00:00,130,9.0,,9999,,,,BKN,2000.0,,,,,,,23.0,18.0,29.91
SBGR,2023-12-10 21:00:00,140,9.0,,9999,,,,OVC,1300.0,,,,,,,21.0,18.0,29.94
SBGR,2023-12-10 22:00:00,130,9.0,,9999,,,,OVC,1100.0,,,,,,,21.0,18.0,29.97
SBGR,2023-12-10 23:00:00,130,7.0,,9999,TS,,,BKN,1100.0,SCT,4500.0,FEW,5000.0,,,20.0,17.0,30.0
SBGR,2023-12-11 00:00:00,70,6.0,,9999,-TSRA,,,BKN,1100.0,SCT,4500.0,FEW,5000.0,,,19.0,18.0,30.0
SBGR,2023-12-11 00:20:00,200,3.0,,8000,TSRA,,,BKN,900.0,SCT,4500.0,FEW,5000.0,,,19.0,18.0,30.03
SBGR,2023-12-11 01:00:00,150,7.0,,8000,-TSRA,,,BKN,900.0,BKN,1500.0,FEW,2000.0,,,19.0,19.0,30.0
SBGR,2023-12-11 01:28:00,220,2.0,,9000,-RA,VCTS,,BKN,700.0,BKN,2000.0,FEW,4000.0,,,19.0,19.0,30.03
SBGR,2023-12-11 02:00:00,220,4.0,,7000,-RA,,,BKN,600.0,OVC,800.0,,,,,19.0,19.0,30.06
SBGR,2023-12-11 03:00:00,80,4.0,,7000,-RA,,,SCT,800.0,OVC,10000.0,,,,,19.0,19.0,29.97
SBGR,2023-12-11 04:00:00,90,3.0,,9999,,,,BKN,600.0,OVC,10000.0,,,,,19.0,19.0,29.94
SBGR,2023-12-11 05:00:00,60,9.0,,9999,,,,BKN,600.0,BKN,10000.0,,,,,19.0,18.0,29.94
SBGR,2023-12-11 06:00:00,70,9.0,,9999,,,,BKN,600.0,BKN,1000.0,,,,,18.0,18.0,29.94
SBGR,2023-12-11 07:00:00,70,5.0,,9999,,,,FEW,1000.0,,,,,,,18.0,18.0,29.91
SBGR,2023-12-11 08:00:00,170,1.0,,9999,,,,SCT,400.0,BKN,8300.0,,,,,18.0,18.0,29.94
SBGR,2023-12-11 09:00:00,80,5.0,,9999,,,,FEW,400.0,BKN,6600.0,,,,,18.0,18.0,29.94
SBGR,2023-12-11 10:00:00,70,7.0,,9999,,,,SCT,4500.0,BKN,10000.0,,,,,19.0,18.0,29.94
SBGR,2023-12-11 11:00:00,50,6.0,,9999,,,,FEW,500.0,BKN,10000.0,,,,,22.0,18.0,29.94
SBGR,2023-12-11 12:00:00,160,2.0,,9999,,,,FEW,700.0,BKN,10000.0,,,,,23.0,19.0,29.94
SBGR,2023-12-11 13:00:00,280,6.0,,9999,,,,FEW,2500.0,SCT,8000.0,,,,,25.0,18.0,29.94
SBGR,2023-12-11 14:00:00,310,8.0,,9999,,,,BKN,3000.0,,,,,,,27.0,19.0,29.94
SBGR,2023-12-11 15:00:00,270,9.0,,9999,,,,SCT,3000.0,BKN,4500.0,,,,,27.0,18.0,29.94
SBGR,2023-12-11 16:00:00,170,9.0,,5000,-RA,BR,,SCT,1300.0,BKN,5000.0,,,,,22.0,20.0,29.97
SBGR,2023-12-11 16:15:00,200,4.0,,5000,-RA,BR,,BKN,1300.0,SCT,3000.0,OVC,8000.0,,,22.0,21.0,29.97
SBGR,2023-12-11 17:00:00,190,5.0,,9999,,,,BKN,2000.0,,,,,,,24.0,20.0,29.97
SBGR,2023-12-11 18:00:00,190,4.0,,9999,,,,OVC,2500.0,,,,,,,24.0,19.0,29.97
SBGR,2023-12-11 19:00:00,160,8.0,,9999,,,,OVC,1900.0,,,,,,,23.0,19.0,29.97
SBGR,2023-12-11 20:00:00,180,6.0,,9999,,,,OVC,2100.0,,,,,,,22.0,18.0,29.97
SBGR,2023-12-11 21:00:00,160,7.0,,9999,,,,OVC,1500.0,,,,,,,21.0,18.0,30.0
SBGR,2023-12-11 22:00:00,150,6.0,,8000,-DZ,,,FEW,900.0,OVC,1300.0,,,,,20.0,18.0,30.03
SBGR,2023-12-11 23:00:00,180,7.0,,9999,,,,BKN,1300.0,OVC,1700.0,,,,,20.0,17.0,30.06
SBGR,2023-12-12 00:00:00,160,5.0,,9999,,,,OVC,1300.0,,,,,,,19.0,17.0,30.09
SBGR,2023-12-12 01:00:00,160,4.0,,9999,,,,OVC,900.0,,,,,,,19.0,18.0,30.12
SBGR,2023-12-12 02:00:00,160,7.0,,9999,,,,OVC,1100.0,,,,,,,19.0,17.0,30.12
SBGR,2023-12-12 03:00:00,160,4.0,,9999,,,,OVC,1300.0,,,,,,,19.0,16.0,30.09
SBGR,2023-12-12 04:00:00,120,4.0,,9999,,,,OVC,500.0,,,,,,,18.0,17.0,30.09
SBGR,2023-12-12 05:00:00,120,4.0,,7000,-RA,,,OVC,500.0,,,,,,,18.0,17.0,30.06
SBGR,2023-12-12 06:00:00,90,3.0,,9999,,,,BKN,900.0,,,,,,,18.0,17.0,30.06
SBGR,2023-12-12 07:00:00,110,3.0,,9999,,,,BKN,1400.0,,,,,,,18.0,17.0,30.06
SBGR,2023-12-12 08:00:00,110,4.0,,9999,,,,BKN,1700.0,,,,,,,18.0,16.0,30.06
SBGR,2023-12-12 09:00:00,90,5.0,,9999,,,,BKN,1500.0,,,,,,,19.0,16.0,30.06
SBGR,2023-12-12 10:00:00,80,6.0,,9999,,,,BKN,1700.0,,,,,,,19.0,16.0,30.09
SBGR,2023-12-12 11:00:00,130,4.0,,9999,,,,BKN,1300.0,BKN,1900.0,,,,,20.0,17.0,30.12
SBGR,2023-12-12 12:00:00,130,6.0,,9999,,,,BKN,1500.0,OVC,2600.0,,,,,21.0,17.0,30.15
SBGR,2023-12-12 13:00:00,140,6.0,,9999,,,,BKN,1900.0,OVC,2600.0,,,,,21.0,17.0,30.15
SBGR,2023-12-12 14:00:00,150,6.0,,9999,,,,BKN,2000.0,OVC,3000.0,,,,,22.0,18.0,30.15
SBGR,2023-12-12 15:00:00,150,7.0,,9999,,,,BKN,2300.0,BKN,3600.0,,,,,23.0,17.0,30.15
SBGR,2023-12-12 16:00:00,160,7.0,,9999,,,,BKN,2600.0,BKN,3000.0,,,,,23.0,17.0,30.12
SBGR,2023-12-12 17:00:00,150,6.0,,9999,,,,BKN,3000.0,,,,,,,24.0,17.0,30.12
SBGR,2023-12-12 18:00:00,160,8.0,,9999,,,,SCT,3000.0,,,,,,,24.0,16.0,30.09
SBGR,2023-12-12 19:00:00,150,6.0,,9999,,,,SCT,3000.0,,,,,,,25.0,17.0,30.09
SBGR,2023-12-12 20:00:00,140,7.0,,9999,,,,FEW,3000.0,,,,,,,23.0,16.0,30.09
SBGR,2023-12-12 21:00:00,150,6.0,,9999,,,,FEW,2000.0,,,,,,,23.0,16.0,30.06
SBGR,2023-12-12 22:00:00,160,7.0,,9999,,,,SCT,2000.0,,,,,,,21.0,16.0,30.09
SBGR,2023-12-12 23:00:00,150,5.0,,9999,,,,FEW,2000.0,,,,,,,19.0,15.0,30.09
SBGR,2023-12-13 00:00:00,120,5.0,,9999,,,,FEW,1500.0,,,,,,,18.0,16.0,30.12
SBGR,2023-12-13 01:00:00,110,6.0,,9999,,,,BKN,1100.0,,,,,,,19.0,16.0,30.12
SBGR,2023-12-13 02:00:00,110,6.0,,9999,,,,SCT,1500.0,BKN,3600.0,,,,,18.0,16.0,30.12
SBGR,2023-12-13 03:00:00,90,3.0,,9999,,,,SCT,3600.0,,,,,,,18.0,15.0,30.09
SBGR,2023-12-13 04:00:00,140,1.0,,10000,,,,,,,,,,,,16.0,15.0,30.09
SBGR,2023-12-13 05:00:00,100,2.0,,9999,,,,BKN,2600.0,,,,,,,16.0,15.0,30.06
SBGR,2023-12-13 06:00:00,70,3.0,,9999,,,,BKN,1900.0,,,,,,,17.0,16.0,30.03
SBGR,2023-12-13 07:00:00,80,3.0,,9999,,,,BKN,1700.0,,,,,,,17.0,16.0,30.03
SBGR,2023-12-13 08:00:00,70,5.0,,9999,,,,BKN,1500.0,,,,,,,18.0,16.0,30.03
SBGR,2023-12-13 09:00:00,70,5.0,,9999,,,,BKN,1500.0,,,,,,,18.0,16.0,30.06
SBGR,2023-12-13 10:00:00,60,11.0,,9999,,,,BKN,1100.0,,,,,,,19.0,17.0,30.06
SBGR,2023-12-13 11:00:00,60,10.0,,9999,,,,OVC,1300.0,,,,,,,19.0,17.0,30.09
SBGR,2023-12-13 12:00:00,80,9.0,,9999,,,,BKN,1300.0,,,,,,,20.0,17.0,30.09
SBGR,2023-12-13 12:35:00,70,8.0,,9999,,,,BKN,1500.0,,,,,,,21.0,17.0,30.09
SBGR,2023-12-13 13:00:00,70,8.0,,9999,,,,OVC,1700.0,,,,,,,22.0,17.0,30.09
SBGR,2023-12-13 14:00:00,110,7.0,,9999,,,,BKN,2100.0,,,,,,,23.0,17.0,30.06
SBGR,2023-12-13 15:00:00,90,7.0,,9999,,,,FEW,2300.0,,,,,,,25.0,19.0,30.03
SBGR,2023-12-13 16:00:00,80,5.0,,9999,,,,FEW,3500.0,,,,,,,26.0,18.0,30.0
SBGR,2023-12-13 17:00:00,70,4.0,,9999,,,,SCT,4000.0,,,,,,,28.0,19.0,29.97
SBGR,2023-12-13 18:00:00,40,3.0,,9999,,,,SCT,4500.0,,,,,,,30.0,18.0,29.94
SBGR,2023-12-13 19:00:00,350,3.0,,10000,,,,,,,,,,,,29.0,17.0,29.91
SBGR,2023-12-13 20:00:00,150,7.0,,10000,,,,,,,,,,,,28.0,20.0,29.94
SBGR,2023-12-13 21:00:00,190,7.0,,9999,,,,SCT,1700.0,,,,,,,24.0,20.0,29.97
SBGR,2023-12-13 22:00:00,180,5.0,,9999,,,,OVC,1500.0,,,,,,,22.0,19.0,30.0
SBGR,2023-12-13 23:00:00,180,6.0,,9999,,,,OVC,1500.0,,,,,,,22.0,19.0,30.03
SBGR,2023-12-14 00:00:00,180,4.0,,9999,,,,OVC,1500.0,,,,,,,21.0,18.0,30.03
SBGR,2023-12-14 01:00:00,110,4.0,,9999,,,,SCT,1500.0,OVC,2500.0,,,,,22.0,19.0,30.06
SBGR,2023-12-14 02:00:00,90,5.0,,9999,,,,OVC,1300.0,,,,,,,21.0,19.0,30.03
SBGR,2023-12-14 03:00:00,140,3.0,,9999,,,,OVC,1300.0,,,,,,,21.0,19.0,30.03
SBGR,2023-12-14 04:00:00,120,2.0,,9999,,,,OVC,1300.0,,,,,,,21.0,19.0,30.0
SBGR,2023-12-14 05:00:00,70,7.0,,9000,,,,OVC,1300.0,,,,,,,21.0,19.0,30.0
SBGR,2023-12-14 06:00:00,50,8.0,,9000,,,,OVC,1300.0,,,,,,,21.0,19.0,30.0
SBGR,2023-12-14 07:00:00,60,9.0,,9999,,,,OVC,1000.0,,,,,,,21.0,19.0,29.97
SBGR,2023-12-14 08:00:00,60,7.0,,9999,,,,BKN,1300.0,,,,,,,21.0,19.0,29.97
SBGR,2023-12-14 09:00:00,60,6.0,,9999,,,,BKN,900.0,,,,,,,21.0,19.0,30.0
SBGR,2023-12-14 10:00:00,60,11.0,,9999,,,,BKN,900.0,,,,,,,21.0,19.0,30.0
SBGR,2023-12-14 11:00:00,70,10.0,,9999,,,,SCT,1300.0,,,,,,,23.0,20.0,30.0
SBGR,2023-12-14 12:00:00,70,9.0,,10000,,,,,,,,,,,,25.0,20.0,30.0
SBGR,2023-12-14 13:00:00,40,7.0,,10000,,,,,,,,,,,,28.0,20.0,30.0
SBGR,2023-12-14 14:00:00,110,4.0,,10000,,,,,,,,,,,,29.0,20.0,29.94
SBGR,2023-12-14 15:00:00,300,8.0,,9999,,,,FEW,3000.0,,,,,,,32.0,15.0,29.97
SBGR,2023-12-14 16:00:00,290,7.0,,9999,,,,SCT,4000.0,,,,,,,32.0,15.0,29.94
SBGR,2023-12-14 17:00:00,310,10.0,,10000,,,,,,,,,,,,33.0,15.0,29.94
SBGR,2023-12-14 18:00:00,170,9.0,,10000,,,,,,,,,,,,29.0,20.0,29.94
SBGR,2023-12-14 19:00:00,140,8.0,,10000,,,,,,,,,,,,28.0,20.0,29.94
SBGR,2023-12-14 20:00:00,110,4.0,,10000,,,,,,,,,,,,29.0,20.0,29.94
SBGR,2023-12-14 21:00:00,120,3.0,,7000,,,,NSC,,,,,,,,29.0,19.0,29.94
SBGR,2023-12-14 22:00:00,140,4.0,,10000,,,,,,,,,,,,27.0,19.0,29.94
SBGR,2023-12-14 23:00:00,170,5.0,,10000,,,,,,,,,,,,26.0,18.0,29.97
SBGR,2023-12-15 00:00:00,140,3.0,,10000,,,,,,,,,,,,24.0,21.0,30.0
SBGR,2023-12-15 01:00:00,0,0.0,,10000,,,,,,,,,,,,22.0,20.0,30.03
SBGR,2023-12-15 02:00:00,80,4.0,,10000,,,,,,,,,,,,22.0,20.0,30.0
SBGR,2023-12-15 03:00:00,80,4.0,,10000,,,,,,,,,,,,22.0,20.0,30.0
SBGR,2023-12-15 04:00:00,80,4.0,,10000,,,,,,,,,,,,21.0,20.0,29.97
SBGR,2023-12-15 05:00:00,100,2.0,,10000,,,,,,,,,,,,21.0,20.0,29.97
SBGR,2023-12-15 06:00:00,70,5.0,,10000,,,,,,,,,,,,20.0,19.0,29.94
SBGR,2023-12-15 07:00:00,70,6.0,,10000,,,,,,,,,,,,19.0,18.0,29.94
SBGR,2023-12-15 08:00:00,100,4.0,,10000,,,,,,,,,,,,21.0,19.0,29.97
SBGR,2023-12-15 09:00:00,50,5.0,,10000,,,,,,,,,,,,21.0,19.0,30.0
SBGR,2023-12-15 10:00:00,60,5.0,,6000,,,,NSC,,,,,,,,22.0,20.0,30.03
SBGR,2023-12-15 11:00:00,80,8.0,,10000,,,,,,,,,,,,25.0,20.0,30.03
SBGR,2023-12-15 12:00:00,70,2.0,,10000,,,,,,,,,,,,28.0,21.0,30.03
SBGR,2023-12-15 13:00:00,110,2.0,,10000,,,,,,,,,,,,30.0,20.0,30.03
SBGR,2023-12-15 14:00:00,320,7.0,,10000,,,,,,,,,,,,32.0,15.0,30.03
SBGR,2023-12-15 15:00:00,270,6.0,,10000,,,,,,,,,,,,33.0,14.0,30.0
SBGR,2023-12-15 16:00:00,260,4.0,,10000,,,,,,,,,,,,33.0,14.0,29.97
SBGR,2023-12-15 17:00:00,310,8.0,,10000,,,,,,,,,,,,33.0,14.0,29.97
SBGR,2023-12-15 18:00:00,160,6.0,,10000,,,,,,,,,,,,33.0,21.0,29.94
SBGR,2023-12-15 19:00:00,170,8.0,,10000,,,,,,,,,,,,32.0,19.0,29.94
SBGR,2023-12-15 20:00:00,180,7.0,,10000,,,,,,,,,,,,32.0,20.0,29.97
SBGR,2023-12-15 21:00:00,190,6.0,,10000,,,,,,,,,,,,29.0,18.0,29.97
SBGR,2023-12-15 22:00:00,160,6.0,,10000,,,,,,,,,,,,27.0,18.0,30.0
SBGR,2023-12-15 23:00:00,150,3.0,,10000,,,,,,,,,,,,26.0,19.0,30.03
SBGR,2023-12-16 00:00:00,150,3.0,,10000,,,,,,,,,,,,25.0,20.0,30.03
SBGR,2023-12-16 01:00:00,70,5.0,,10000,,,,,,,,,,,,24.0,21.0,30.03
SBGR,2023-12-16 02:00:00,100,2.0,,10000,,,,,,,,,,,,23.0,21.0,30.03
SBGR,2023-12-16 03:00:00,80,2.0,,10000,,,,,,,,,,,,23.0,21.0,30.03
SBGR,2023-12-16 04:00:00,70,5.0,,10000,,,,,,,,,,,,23.0,20.0,30.0
SBGR,2023-12-16 05:00:00,100,3.0,,10000,,,,,,,,,,,,22.0,20.0,30.0
SBGR,2023-12-16 06:00:00,130,3.0,,10000,,,,,,,,,,,,23.0,20.0,30.0
SBGR,2023-12-16 07:00:00,0,0.0,,10000,,,,,,,,,,,,22.0,20.0,30.0
SBGR,2023-12-16 08:00:00,0,0.0,,9999,,,,NSC,,,,,,,,20.0,20.0,30.0
SBGR,2023-12-16 09:00:00,0,0.0,,9999,,,,NSC,,,,,,,,21.0,20.0,30.03
SBGR,2023-12-16 10:00:00,30,3.0,,9999,,,,FEW,1300.0,,,,,,,24.0,21.0,30.03
SBGR,2023-12-16 11:00:00,50,6.0,,10000,,,,,,,,,,,,25.0,21.0,30.03
SBGR,2023-12-16 12:00:00,90,3.0,,10000,,,,,,,,,,,,28.0,20.0,30.06
SBGR,2023-12-16 13:00:00,350,7.0,,10000,,,,,,,,,,,,30.0,19.0,30.03
SBGR,2023-12-16 14:00:00,290,4.0,,10000,,,,,,,,,,,,31.0,19.0,30.03
SBGR,2023-12-16 15:00:00,260,5.0,,10000,,,,,,,,,,,,31.0,18.0,30.03
SBGR,2023-12-16 16:00:00,280,4.0,,10000,,,,,,,,,,,,32.0,17.0,30.0
SBGR,2023-12-16 17:00:00,170,7.0,18.0,9999,-TSRA,,,SCT,3300.0,SCT,5000.0,BKN,6600.0,,,30.0,22.0,30.0
SBGR,2023-12-17 18:00:00,60,19.0,,9999,TS,,,BKN,3000.0,FEW,4500.0,BKN,8000.0,,,23.0,16.0,30.0
SBGR,2023-12-17 19:00:00,50,7.0,,9999,,,,FEW,3000.0,,,,,,,26.0,18.0,29.94
SBGR,2023-12-17 20:00:00,50,6.0,,10000,,,,,,,,,,,,27.0,18.0,29.94
SBGR,2023-12-17 21:00:00,70,12.0,,10000,,,,,,,,,,,,24.0,18.0,29.94
SBGR,2023-12-17 22:00:00,80,7.0,,10000,,,,,,,,,,,,22.0,18.0,29.94
SBGR,2023-12-17 23:00:00,70,7.0,,10000,,,,,,,,,,,,22.0,19.0,29.97
SBGR,2023-12-18 00:00:00,50,7.0,,10000,,,,,,,,,,,,22.0,19.0,29.97
SBGR,2023-12-18 01:00:00,80,4.0,,10000,,,,,,,,,,,,21.0,19.0,29.97
SBGR,2023-12-18 02:00:00,70,4.0,,10000,,,,,,,,,,,,21.0,19.0,29.97
SBGR,2023-12-18 03:00:00,80,5.0,,10000,,,,,,,,,,,,20.0,19.0,29.97
SBGR,2023-12-18 04:00:00,80,5.0,,10000,,,,,,,,,,,,20.0,19.0,29.97
SBGR,2023-12-18 05:00:00,60,3.0,,9999,,,,FEW,800.0,SCT,6600.0,,,,,20.0,19.0,29.97
SBGR,2023-12-18 06:00:00,70,4.0,,9999,,,,SCT,900.0,,,,,,,20.0,19.0,29.94
SBGR,2023-12-18 07:00:00,70,5.0,,9999,,,,FEW,900.0,,,,,,,20.0,19.0,29.94
SBGR,2023-12-18 08:00:00,70,5.0,,10000,,,,,,,,,,,,20.0,19.0,29.94
SBGR,2023-12-18 09:00:00,90,2.0,,10000,,,,,,,,,,,,20.0,19.0,29.94
SBGR,2023-12-18 10:00:00,80,6.0,,10000,,,,,,,,,,,,22.0,19.0,29.94
SBGR,2023-12-18 11:00:00,80,4.0,,10000,,,,,,,,,,,,24.0,19.0,29.94
SBGR,2023-12-18 12:00:00,70,3.0,,10000,,,,,,,,,,,,26.0,19.0,29.94
SBGR,2023-12-18 13:00:00,0,0.0,,10000,,,,,,,,,,,,28.0,17.0,29.91
SBGR,2023-12-18 14:00:00,90,5.0,,10000,,,,,,,,,,,,30.0,11.0,29.88
SBGR,2023-12-18 15:00:00,20,5.0,,10000,,,,,,,,,,,,31.0,11.0,29.88
SBGR,2023-12-18 16:00:00,170,4.0,,10000,,,,,,,,,,,,32.0,10.0,29.85
SBGR,2023-12-18 17:00:00,100,5.0,,10000,,,,,,,,,,,,33.0,12.0,29.85
SBGR,2023-12-18 18:00:00,170,9.0,,10000,,,,,,,,,,,,31.0,16.0,29.83
SBGR,2023-12-18 19:00:00,160,9.0,,10000,,,,,,,,,,,,29.0,16.0,29.85
SBGR,2023-12-18 20:00:00,160,8.0,,10000,,,,,,,,,,,,27.0,17.0,29.85
SBGR,2023-12-18 21:00:00,140,7.0,,10000,,,,,,,,,,,,25.0,15.0,29.85
SBGR,2023-12-18 22:00:00,160,5.0,,10000,,,,,,,,,,,,23.0,17.0,29.88
SBGR,2023-12-18 23:00:00,160,5.0,,9999,,,,SCT,2000.0,,,,,,,22.0,18.0,29.91
SBGR,2023-12-19 00:00:00,110,6.0,,9999,,,,FEW,2000.0,,,,,,,22.0,18.0,29.91
SBGR,2023-12-19 01:00:00,130,5.0,,9999,,,,SCT,2300.0,,,,,,,22.0,18.0,29.94
SBGR,2023-12-19 02:00:00,100,7.0,,9999,,,,FEW,2300.0,,,,,,,21.0,17.0,29.91
SBGR,2023-12-19 03:00:00,90,5.0,,9999,,,,FEW,2000.0,,,,,,,21.0,17.0,29.91
SBGR,2023-12-19 04:00:00,100,4.0,,10000,,,,,,,,,,,,20.0,17.0,29.88
SBGR,2023-12-19 05:00:00,80,4.0,,10000,,,,,,,,,,,,19.0,17.0,29.88
SBGR,2023-12-19 06:00:00,70,5.0,,9999,,,,BKN,1300.0,,,,,,,19.0,17.0,29.88
SBGR,2023-12-19 07:00:00,100,3.0,,9999,,,,BKN,1100.0,,,,,,,19.0,17.0,29.88
SBGR,2023-12-19 08:00:00,110,5.0,,9999,,,,SCT,1100.0,SCT,2600.0,,,,,20.0,17.0,29.88
SBGR,2023-12-19 09:00:00,110,3.0,,9999,,,,BKN,2000.0,,,,,,,20.0,18.0,29.88
SBGR,2023-12-19 10:00:00,80,5.0,,9999,,,,BKN,2100.0,,,,,,,21.0,18.0,29.91
SBGR,2023-12-19 11:00:00,60,12.0,,9999,,,,BKN,2100.0,,,,,,,22.0,18.0,29.91
SBGR,2023-12-19 12:00:00,60,14.0,,9999,,,,BKN,1900.0,,,,,,,23.0,17.0,29.91
SBGR,2023-12-19 13:00:00,60,12.0,,10000,,,,,,,,,,,,25.0,18.0,29.91
SBGR,2023-12-19 14:00:00,50,9.0,,10000,,,,,,,,,,,,27.0,19.0,29.88
SBGR,2023-12-19 15:00:00,140,4.0,,9999,,,,FEW,3000.0,,,,,,,29.0,19.0,29.88
SBGR,2023-12-19 16:00:00,70,4.0,,9999,,,,FEW,4000.0,,,,,,,30.0,16.0,29.85
SBGR,2023-12-19 17:00:00,140,5.0,,10000,,,,,,,,,,,,32.0,12.0,29.85
SBGR,2023-12-19 18:00:00,150,10.0,,10000,,,,,,,,,,,,29.0,20.0,29.83
SBGR,2023-12-19 19:00:00,160,10.0,,10000,,,,,,,,,,,,27.0,20.0,29.83
SBGR,2023-12-19 20:00:00,170,8.0,,9999,,,,SCT,2000.0,,,,,,,25.0,19.0,29.83
SBGR,2023-12-19 21:00:00,160,6.0,,9999,,,,BKN,2000.0,,,,,,,25.0,18.0,29.85
SBGR,2023-12-19 22:00:00,130,7.0,,9999,,,,BKN,2000.0,,,,,,,23.0,17.0,29.85
SBGR,2023-12-19 23:00:00,140,7.0,,9999,,,,BKN,2000.0,,,,,,,22.0,17.0,29.91
SBGR,2023-12-20 00:00:00,100,8.0,,9999,,,,BKN,1700.0,,,,,,,22.0,18.0,29.91
SBGR,2023-12-20 01:00:00,110,7.0,,9999,,,,BKN,2000.0,,,,,,,21.0,18.0,29.94
SBGR,2023-12-20 02:00:00,80,8.0,,9999,,,,SCT,2000.0,,,,,,,20.0,16.0,29.94
SBGR,2023-12-20 03:00:00,120,5.0,,9999,,,,FEW,2000.0,,,,,,,20.0,16.0,29.94
SBGR,2023-12-20 04:00:00,100,6.0,,9999,,,,FEW,2500.0,,,,,,,19.0,16.0,29.91
SBGR,2023-12-20 05:00:00,110,4.0,,9999,,,,FEW,2500.0,,,,,,,19.0,16.0,29.91
SBGR,2023-12-20 06:00:00,130,3.0,,10000,,,,,,,,,,,,18.0,16.0,29.91
SBGR,2023-12-20 07:00:00,130,4.0,,10000,,,,,,,,,,,,18.0,15.0,29.91
SBGR,2023-12-20 08:00:00,130,5.0,,9999,,,,SCT,3000.0,,,,,,,18.0,16.0,29.94
SBGR,2023-12-20 09:00:00,110,5.0,,10000,,,,,,,,,,,,18.0,15.0,29.94
SBGR,2023-12-20 10:00:00,80,9.0,,10000,,,,,,,,,,,,20.0,15.0,29.97
SBGR,2023-12-20 11:00:00,60,13.0,,9999,,,,FEW,2100.0,,,,,,,22.0,15.0,29.97
SBGR,2023-12-20 12:00:00,100,10.0,,9999,,,,FEW,3000.0,,,,,,,23.0,14.0,29.97
SBGR,2023-12-20 13:00:00,70,11.0,,9999,,,,SCT,3500.0,,,,,,,24.0,15.0,30.0
SBGR,2023-12-20 14:00:00,90,9.0,,9999,,,,FEW,3500.0,,,,,,,26.0,13.0,29.97
SBGR,2023-12-20 15:00:00,70,7.0,17.0,9999,,,,FEW,3500.0,,,,,,,28.0,13.0,29.94
SBGR,2023-12-20 16:00:00,100,7.0,,9999,,,,SCT,4500.0,,,,,,,28.0,14.0,29.91
SBGR,2023-12-20 17:00:00,110,8.0,,10000,,,,,,,,,,,,28.0,15.0,29.91
SBGR,2023-12-20 18:00:00,120,7.0,,10000,,,,,,,,,,,,28.0,15.0,29.91
SBGR,2023-12-20 19:00:00,150,10.0,,9999,,,,SCT,4000.0,,,,,,,27.0,18.0,29.91
SBGR,2023-12-20 20:00:00,130,6.0,,9999,,,,BKN,1700.0,,,,,,,21.0,17.0,30.0
SBGR,2023-12-20 21:00:00,170,8.0,,9999,,,,BKN,2500.0,,,,,,,23.0,17.0,29.94
SBGR,2023-12-20 22:00:00,130,8.0,,9999,,,,BKN,2000.0,,,,,,,22.0,16.0,29.97
SBGR,2023-12-20 23:00:00,130,6.0,,9999,,,,BKN,1700.0,,,,,,,21.0,17.0,30.0
SBGR,2023-12-21 00:00:00,100,8.0,,9999,,,,BKN,1700.0,,,,,,,21.0,17.0,30.0
SBGR,2023-12-21 01:00:00,110,7.0,,9999,,,,SCT,1700.0,,,,,,,21.0,17.0,30.03
SBGR,2023-12-21 02:00:00,100,5.0,,9999,,,,FEW,2600.0,BKN,3300.0,,,,,21.0,17.0,30.03
SBGR,2023-12-21 03:00:00,100,9.0,,9999,,,,BKN,1900.0,,,,,,,21.0,17.0,30.03
SBGR,2023-12-21 04:00:00,90,7.0,,9999,,,,FEW,2000.0,,,,,,,20.0,17.0,30.0
SBGR,2023-12-21 05:00:00,90,6.0,,9999,,,,SCT,2300.0,,,,,,,20.0,16.0,29.97
SBGR,2023-12-21 06:00:00,110,3.0,,10000,,,,,,,,,,,,19.0,16.0,29.97
SBGR,2023-12-21 07:00:00,100,4.0,,10000,,,,,,,,,,,,19.0,16.0,29.97
SBGR,2023-12-21 08:00:00,60,4.0,,9000,,,,NSC,,,,,,,,18.0,16.0,29.97
SBGR,2023-12-21 09:00:00,60,5.0,,10000,,,,,,,,,,,,18.0,17.0,30.0
SBGR,2023-12-21 10:00:00,60,8.0,,10000,,,,,,,,,,,,20.0,17.0,30.0
SBGR,2023-12-21 11:00:00,60,10.0,,9999,,,,FEW,1500.0,,,,,,,22.0,17.0,30.03
SBGR,2023-12-21 12:00:00,70,8.0,,10000,,,,,,,,,,,,24.0,18.0,30.03
SBGR,2023-12-21 13:00:00,60,6.0,,10000,,,,,,,,,,,,26.0,18.0,30.03
SBGR,2023-12-21 14:00:00,80,5.0,,9999,,,,SCT,3500.0,,,,,,,28.0,18.0,30.03
SBGR,2023-12-21 15:00:00,360,5.0,,9999,,,,BKN,4500.0,,,,,,,29.0,18.0,30.0
SBGR,2023-12-21 16:00:00,120,3.0,,9999,,,,BKN,4500.0,,,,,,,29.0,17.0,29.97
SBGR,2023-12-21 17:00:00,280,7.0,,10000,,,,,,,,,,,,32.0,16.0,29.94
SBGR,2023-12-21 18:00:00,150,6.0,,9999,,,,BKN,5000.0,FEW,5500.0,,,,,30.0,20.0,29.91
SBGR,2023-12-21 18:42:00,170,12.0,,4000,-RA,BR,,BKN,1700.0,BKN,4500.0,FEW,5000.0,,,23.0,21.0,29.94
SBGR,2023-12-21 19:00:00,160,10.0,,4000,-RA,BR,,BKN,1700.0,FEW,5000.0,,,,,24.0,21.0,29.94
SBGR,2023-12-21 20:00:00,150,5.0,,6000,,,,BKN,1100.0,SCT,5000.0,,,,,23.0,21.0,29.94
SBGR,2023-12-21 21:00:00,160,7.0,,9000,,,,OVC,1100.0,,,,,,,24.0,20.0,29.97
SBGR,2023-12-21 21:24:00,160,6.0,,9999,,,,OVC,1500.0,,,,,,,23.0,19.0,29.97
SBGR,2023-12-21 22:00:00,170,5.0,,9999,,,,OVC,1500.0,,,,,,,23.0,20.0,29.97
SBGR,2023-12-21 23:00:00,170,4.0,,9999,,,,OVC,1500.0,,,,,,,22.0,20.0,30.0
SBGR,2023-12-22 00:00:00,160,5.0,,9999,,,,OVC,1300.0,,,,,,,22.0,19.0,30.03
SBGR,2023-12-22 01:00:00,140,5.0,,9999,,,,FEW,1300.0,BKN,1500.0,OVC,2000.0,,,22.0,19.0,30.06
SBGR,2023-12-22 02:00:00,120,6.0,,9999,,,,FEW,1000.0,BKN,1500.0,OVC,1900.0,,,22.0,19.0,30.06
SBGR,2023-12-22 03:00:00,90,4.0,,9999,,,,FEW,1300.0,SCT,5000.0,BKN,8000.0,,,22.0,19.0,30.03
SBGR,2023-12-22 04:00:00,60,6.0,,9999,,,,FEW,1100.0,BKN,10000.0,,,,,21.0,20.0,30.0
SBGR,2023-12-22 05:00:00,70,6.0,,9999,,,,BKN,900.0,BKN,9000.0,,,,,21.0,19.0,29.97
SBGR,2023-12-22 05:25:00,70,7.0,,9999,,,,SCT,1000.0,BKN,8000.0,,,,,20.0,19.0,29.97
SBGR,2023-12-22 06:00:00,70,6.0,,9999,,,,FEW,800.0,BKN,8000.0,,,,,20.0,20.0,29.97
SBGR,2023-12-22 07:00:00,70,7.0,,9999,,,,SCT,800.0,BKN,5000.0,,,,,21.0,20.0,29.97
SBGR,2023-12-22 08:00:00,50,5.0,,10000,,,,,,,,,,,,21.0,20.0,29.97
SBGR,2023-12-22 09:00:00,70,6.0,,10000,,,,,,,,,,,,21.0,20.0,30.0
SBGR,2023-12-22 10:00:00,70,6.0,,10000,,,,,,,,,,,,23.0,20.0,30.0
SBGR,2023-12-22 11:00:00,30,6.0,,9999,,,,SCT,2600.0,,,,,,,26.0,19.0,30.03
SBGR,2023-12-22 12:00:00,360,8.0,,9999,,,,SCT,2800.0,,,,,,,28.0,20.0,30.03
SBGR,2023-12-22 13:00:00,290,8.0,,9999,,,,BKN,3300.0,,,,,,,28.0,20.0,30.03
SBGR,2023-12-22 14:00:00,330,10.0,,9999,,,,BKN,4000.0,,,,,,,31.0,19.0,30.0
SBGR,2023-12-22 15:00:00,330,11.0,,9999,,,,BKN,4000.0,,,,,,,32.0,19.0,29.97
SBGR,2023-12-22 16:00:00,330,9.0,,9999,,,,BKN,4500.0,,,,,,,32.0,19.0,29.97
SBGR,2023-12-22 17:00:00,280,11.0,,9999,,,,BKN,4500.0,,,,,,,33.0,18.0,29.94
SBGR,2023-12-22 18:00:00,280,12.0,,9999,,,,BKN,4500.0,,,,,,,33.0,19.0,29.94
SBGR,2023-12-22 19:00:00,270,12.0,,9999,,,,BKN,4500.0,FEW,5000.0,,,,,33.0,19.0,29.91
SBGR,2023-12-22 20:00:00,140,11.0,,9999,,,,SCT,4500.0,FEW,5000.0,SCT,8000.0,,,26.0,18.0,29.91
SBGR,2023-12-22 21:00:00,150,4.0,,9999,,,,SCT,4500.0,FEW,5000.0,SCT,8000.0,,,25.0,21.0,29.94
SBGR,2023-12-22 22:00:00,110,8.0,,8000,,,,BKN,1300.0,BKN,8000.0,,,,,24.0,22.0,29.97
SBGR,2023-12-22 22:10:00,100,9.0,,9999,TS,,,BKN,1400.0,FEW,5000.0,BKN,8000.0,,,24.0,22.0,29.97
SBGR,2023-12-22 23:00:00,50,5.0,,9999,TS,,,BKN,1500.0,SCT,4500.0,FEW,5000.0,OVC,8000.0,24.0,21.0,29.97
SBGR,2023-12-23 00:00:00,110,7.0,,9000,-TSRA,,,SCT,2000.0,SCT,4500.0,FEW,5000.0,OVC,8000.0,23.0,22.0,30.0
SBGR,2023-12-23 01:00:00,60,6.0,,9999,-TSRA,,,SCT,900.0,SCT,4500.0,FEW,5000.0,OVC,8000.0,22.0,21.0,30.03
SBGR,2023-12-23 02:00:00,80,6.0,,9999,,,,SCT,900.0,OVC,10000.0,,,,,22.0,20.0,30.0
SBGR,2023-12-23 03:00:00,70,11.0,,9999,,,,BKN,4500.0,OVC,8000.0,,,,,21.0,19.0,30.03
SBGR,2023-12-23 03:41:00,60,8.0,,9999,,,,BKN,800.0,OVC,8000.0,,,,,21.0,20.0,30.03
SBGR,2023-12-23 04:00:00,50,8.0,,9999,,,,BKN,900.0,OVC,8000.0,,,,,21.0,20.0,30.0
SBGR,2023-12-23 05:00:00,20,7.0,,10000,,,,,,,,,,,,22.0,19.0,29.97
SBGR,2023-12-23 06:00:00,190,2.0,,9999,,,,FEW,500.0,,,,,,,20.0,20.0,30.0
SBGR,2023-12-23 07:00:00,100,1.0,,10000,,,,,,,,,,,,20.0,20.0,30.0
SBGR,2023-12-23 08:00:00,120,2.0,,10000,,,,,,,,,,,,19.0,19.0,29.97
SBGR,2023-12-23 09:00:00,130,2.0,,7000,,,,NSC,,,,,,,,21.0,20.0,30.0
SBGR,2023-12-23 10:00:00,0,0.0,,8000,,,,NSC,,,,,,,,22.0,20.0,30.0
SBGR,2023-12-23 11:00:00,300,2.0,,9000,,,,FEW,2300.0,,,,,,,25.0,20.0,30.03
SBGR,2023-12-23 12:00:00,80,8.0,,9999,,,,FEW,2300.0,,,,,,,25.0,21.0,30.03
SBGR,2023-12-23 13:00:00,20,4.0,,9999,,,,SCT,2600.0,,,,,,,27.0,20.0,30.03
SBGR,2023-12-23 14:00:00,340,3.0,,9999,,,,BKN,3000.0,,,,,,,28.0,20.0,30.0
SBGR,2023-12-23 15:00:00,330,7.0,,9999,,,,SCT,4000.0,,,,,,,30.0,20.0,29.97
SBGR,2023-12-23 16:00:00,290,11.0,,9999,,,,BKN,4300.0,,,,,,,31.0,19.0,29.97
SBGR,2023-12-23 17:00:00,320,8.0,,9999,,,,SCT,4500.0,,,,,,,30.0,19.0,29.94
SBGR,2023-12-23 18:00:00,300,10.0,,9999,,,,SCT,4500.0,FEW,5000.0,,,,,31.0,19.0,29.91
SBGR,2023-12-23 19:00:00,290,12.0,,9999,,,,SCT,4500.0,FEW,5000.0,,,,,31.0,20.0,29.88
SBGR,2023-12-23 20:00:00,130,6.0,,8000,-TSRA,,,FEW,2000.0,BKN,4000.0,,,,,27.0,21.0,29.91
SBGR,2023-12-23 20:22:00,220,10.0,22.0,1000,+TSRA,,,BKN,1000.0,BKN,3000.0,,,,,23.0,21.0,29.97
SBGR,2023-12-23 21:00:00,200,6.0,,2500,+TSRA,,,OVC,3000.0,,,,,,,20.0,20.0,29.97
SBGR,2023-12-23 21:21:00,110,5.0,,9999,-TSRA,,,FEW,3000.0,BKN,3500.0,,,,,20.0,20.0,29.94
SBGR,2023-12-23 22:00:00,310,3.0,,9999,-TSRA,,,FEW,3000.0,BKN,3500.0,,,,,21.0,20.0,29.94
SBGR,2023-12-23 22:37:00,60,11.0,,10000,,,,,,,,,,,,22.0,21.0,29.94
SBGR,2023-12-23 23:00:00,50,10.0,,10000,,,,,,,,,,,,22.0,20.0,29.94
SBGR,2023-12-24 00:00:00,70,9.0,,10000,,,,,,,,,,,,21.0,20.0,29.97
SBGR,2023-12-24 01:00:00,70,8.0,,10000,,,,,,,,,,,,21.0,19.0,30.0
SBGR,2023-12-24 02:00:00,230,4.0,,10000,,,,,,,,,,,,20.0,20.0,30.0
SBGR,2023-12-24 03:00:00,0,0.0,,9999,,,,SCT,4500.0,,,,,,,21.0,20.0,29.97
SBGR,2023-12-24 04:00:00,100,5.0,,9999,,,,SCT,4000.0,,,,,,,20.0,19.0,29.94
SBGR,2023-12-24 05:00:00,80,5.0,,9999,,,,FEW,300.0,SCT,4000.0,,,,,20.0,20.0,29.94
SBGR,2023-12-24 06:00:00,130,2.0,,9999,,,,FEW,1900.0,,,,,,,19.0,19.0,29.94
SBGR,2023-12-24 07:00:00,80,6.0,,9000,,,,SCT,200.0,,,,,,,20.0,19.0,29.91
SBGR,2023-12-24 07:15:00,80,9.0,,2500,BR,,,BKN,200.0,,,,,,,19.0,19.0,29.91
SBGR,2023-12-24 08:00:00,60,7.0,,1200,BR,,,BKN,100.0,,,,,,,19.0,19.0,29.94
SBGR,2023-12-24 08:25:00,60,7.0,,800,FG,,,OVC,100.0,,,,,,,19.0,19.0,29.94
SBGR,2023-12-24 09:00:00,80,4.0,,1200,BR,BCFG,,BKN,200.0,,,,,,,19.0,19.0,29.97
SBGR,2023-12-24 09:30:00,100,2.0,,4000,BR,,,SCT,300.0,,,,,,,20.0,20.0,29.97
SBGR,2023-12-24 10:00:00,0,0.0,,8000,,,,SCT,500.0,,,,,,,21.0,21.0,30.0
SBGR,2023-12-24 11:00:00,310,7.0,,9999,,,,BKN,2000.0,,,,,,,24.0,20.0,30.03
SBGR,2023-12-24 12:00:00,330,8.0,,9999,,,,BKN,2300.0,,,,,,,25.0,19.0,30.03
SBGR,2023-12-24 13:00:00,310,9.0,,9999,,,,BKN,3500.0,,,,,,,26.0,19.0,30.03
SBGR,2023-12-24 14:00:00,320,10.0,,9999,,,,BKN,3500.0,,,,,,,27.0,18.0,30.03
SBGR,2023-12-24 15:00:00,300,10.0,,9999,,,,BKN,3500.0,,,,,,,28.0,19.0,30.0
SBGR,2023-12-24 16:00:00,300,10.0,23.0,9999,,,,SCT,4000.0,,,,,,,30.0,18.0,29.97
SBGR,2023-12-24 17:00:00,270,12.0,,9999,,,,SCT,4500.0,,,,,,,31.0,18.0,29.94
SBGR,2023-12-24 18:00:00,290,11.0,,10000,,,,,,,,,,,,31.0,18.0,29.91
SBGR,2023-12-24 19:00:00,300,12.0,,10000,,,,,,,,,,,,31.0,17.0,29.91
SBGR,2023-12-24 20:00:00,290,12.0,,10000,,,,,,,,,,,,30.0,17.0,29.91
SBGR,2023-12-24 21:00:00,280,10.0,,10000,,,,,,,,,,,,30.0,16.0,29.94
SBGR,2023-12-24 22:00:00,160,6.0,,10000,,,,,,,,,,,,26.0,20.0,29.97
SBGR,2023-12-24 23:00:00,120,4.0,,10000,,,,,,,,,,,,25.0,20.0,29.97
SBGR,2023-12-25 00:00:00,150,2.0,,10000,,,,,,,,,,,,23.0,20.0,30.0
SBGR,2023-12-25 01:00:00,130,2.0,,10000,,,,,,,,,,,,22.0,20.0,30.03
SBGR,2023-12-25 02:00:00,170,1.0,,10000,,,,,,,,,,,,21.0,20.0,30.03
SBGR,2023-12-25 03:00:00,70,3.0,,10000,,,,,,,,,,,,22.0,21.0,30.03
SBGR,2023-12-25 04:00:00,70,4.0,,7000,,,,NSC,,,,,,,,22.0,20.0,30.03
SBGR,2023-12-25 05:00:00,70,7.0,,7000,,,,NSC,,,,,,,,21.0,20.0,29.97
SBGR,2023-12-25 06:00:00,80,4.0,,8000,,,,NSC,,,,,,,,21.0,20.0,29.97
SBGR,2023-12-25 07:00:00,90,4.0,,10000,,,,,,,,,,,,21.0,20.0,29.97
SBGR,2023-12-25 08:00:00,60,6.0,,10000,,,,,,,,,,,,21.0,20.0,29.97
SBGR,2023-12-25 09:00:00,80,9.0,,9999,BCFG,,,SCT,200.0,,,,,,,20.0,20.0,30.0
SBGR,2023-12-25 10:00:00,70,4.0,,9999,BCFG,,,SCT,400.0,,,,,,,22.0,21.0,30.0
SBGR,2023-12-25 11:00:00,0,0.0,,9999,,,,FEW,2000.0,,,,,,,25.0,21.0,30.03
SBGR,2023-12-25 12:00:00,340,6.0,,9999,,,,FEW,3000.0,,,,,,,28.0,20.0,30.0
SBGR,2023-12-25 13:00:00,300,9.0,,9999,,,,SCT,3500.0,,,,,,,29.0,19.0,30.0
SBGR,2023-12-25 14:00:00,320,8.0,,9999,,,,SCT,4500.0,,,,,,,30.0,19.0,29.97
SBGR,2023-12-25 15:00:00,290,9.0,,10000,,,,,,,,,,,,32.0,19.0,29.97
SBGR,2023-12-25 16:00:00,270,13.0,,10000,,,,,,,,,,,,33.0,19.0,29.97
SBGR,2023-12-25 17:00:00,320,11.0,,10000,,,,,,,,,,,,33.0,17.0,29.94
SBGR,2023-12-25 18:00:00,320,10.0,,10000,,,,,,,,,,,,34.0,17.0,29.91
SBGR,2023-12-25 19:00:00,310,12.0,,9999,,,,FEW,5000.0,SCT,7000.0,,,,,33.0,17.0,29.88
SBGR,2023-12-25 20:00:00,300,9.0,,9999,,,,FEW,3000.0,,,,,,,32.0,17.0,29.91
SBGR,2023-12-25 21:00:00,310,8.0,,9999,,,,FEW,3000.0,,,,,,,31.0,17.0,29.91
SBGR,2023-12-25 22:00:00,280,8.0,,10000,,,,,,,,,,,,30.0,18.0,29.94
SBGR,2023-12-25 23:00:00,320,6.0,,10000,,,,,,,,,,,,28.0,18.0,29.94
SBGR,2023-12-26 00:00:00,270,4.0,,10000,,,,,,,,,,,,26.0,19.0,29.94
SBGR,2023-12-26 01:00:00,250,3.0,,10000,,,,,,,,,,,,25.0,19.0,29.97
SBGR,2023-12-26 02:00:00,260,2.0,,10000,,,,,,,,,,,,25.0,19.0,29.97
SBGR,2023-12-26 03:00:00,280,5.0,,10000,,,,,,,,,,,,25.0,19.0,29.97
SBGR,2023-12-26 04:00:00,260,1.0,,10000,,,,,,,,,,,,24.0,19.0,29.94
SBGR,2023-12-26 05:00:00,280,5.0,,10000,,,,,,,,,,,,25.0,19.0,29.94
SBGR,2023-12-26 06:00:00,270,8.0,,10000,,,,,,,,,,,,25.0,19.0,29.91
SBGR,2023-12-26 07:00:00,280,4.0,,10000,,,,,,,,,,,,24.0,19.0,29.91
SBGR,2023-12-26 08:00:00,200,1.0,,10000,,,,,,,,,,,,23.0,20.0,29.94
SBGR,2023-12-26 09:00:00,270,3.0,,10000,,,,,,,,,,,,23.0,20.0,29.97
SBGR,2023-12-26 10:00:00,310,2.0,,10000,,,,,,,,,,,,25.0,20.0,30.0
SBGR,2023-12-26 11:00:00,280,3.0,,9999,,,,SCT,4800.0,,,,,,,27.0,20.0,30.0
SBGR,2023-12-26 12:00:00,320,7.0,,9999,,,,BKN,4000.0,BKN,8000.0,,,,,27.0,19.0,30.0
SBGR,2023-12-26 13:00:00,280,5.0,,9999,,,,BKN,3000.0,,,,,,,27.0,19.0,30.0
SBGR,2023-12-26 14:00:00,170,5.0,,9999,,,,BKN,3000.0,,,,,,,27.0,20.0,30.0
SBGR,2023-12-26 15:00:00,0,0.0,,9999,,,,BKN,3000.0,,,,,,,28.0,20.0,30.0
SBGR,2023-12-26 16:00:00,160,6.0,,8000,,,,BKN,2000.0,,,,,,,24.0,20.0,30.0
SBGR,2023-12-26 17:00:00,160,7.0,,9000,-RA,,,OVC,2000.0,,,,,,,25.0,20.0,29.97
SBGR,2023-12-26 18:00:00,160,7.0,,9999,,,,BKN,1300.0,OVC,2500.0,,,,,23.0,20.0,29.97
SBGR,2023-12-26 19:00:00,160,7.0,,9999,,,,FEW,1100.0,OVC,1700.0,,,,,24.0,19.0,29.97
SBGR,2023-12-26 20:00:00,170,8.0,,9999,,,,BKN,1300.0,OVC,2000.0,,,,,22.0,19.0,29.97
SBGR,2023-12-26 21:00:00,150,7.0,,9999,,,,BKN,1300.0,OVC,2500.0,,,,,22.0,19.0,29.97
SBGR,2023-12-26 22:00:00,140,5.0,,9999,,,,OVC,1300.0,,,,,,,21.0,18.0,30.0
SBGR,2023-12-26 23:00:00,110,6.0,,9999,,,,BKN,1300.0,OVC,3000.0,,,,,21.0,18.0,30.03
SBGR,2023-12-27 00:00:00,120,7.0,,9999,,,,FEW,900.0,OVC,1100.0,,,,,21.0,18.0,30.06
SBGR,2023-12-27 01:00:00,120,5.0,,9999,,,,FEW,900.0,OVC,1100.0,,,,,20.0,18.0,30.09
SBGR,2023-12-27 02:00:00,160,6.0,,9999,,,,OVC,1100.0,,,,,,,19.0,17.0,30.09
SBGR,2023-12-27 03:00:00,100,5.0,,9999,,,,SCT,2100.0,,,,,,,20.0,14.0,30.06
SBGR,2023-12-27 04:00:00,120,5.0,,9999,,,,FEW,3000.0,,,,,,,19.0,15.0,30.06
SBGR,2023-12-27 05:00:00,100,5.0,,10000,,,,,,,,,,,,18.0,16.0,30.06
SBGR,2023-12-27 06:00:00,70,2.0,,9999,,,,FEW,2300.0,,,,,,,18.0,16.0,30.03
SBGR,2023-12-27 07:00:00,70,4.0,,9999,,,,BKN,2300.0,,,,,,,18.0,16.0,30.03
SBGR,2023-12-27 08:00:00,70,4.0,,9999,,,,FEW,1500.0,BKN,2300.0,,,,,18.0,16.0,30.06
SBGR,2023-12-27 09:00:00,110,5.0,,9000,,,,FEW,1000.0,SCT,7000.0,,,,,18.0,15.0,30.09
SBGR,2023-12-27 10:00:00,150,5.0,,9000,,,,SCT,2000.0,SCT,7000.0,,,,,19.0,15.0,30.09
SBGR,2023-12-27 11:00:00,110,6.0,,9999,,,,SCT,2300.0,,,,,,,21.0,14.0,30.12
SBGR,2023-12-27 12:00:00,100,8.0,,9999,,,,FEW,3000.0,,,,,,,22.0,14.0,30.12
SBGR,2023-12-27 13:00:00,100,7.0,,9999,,,,FEW,3500.0,,,,,,,23.0,12.0,30.12
SBGR,2023-12-27 14:00:00,120,7.0,,9999,,,,SCT,4000.0,,,,,,,25.0,14.0,30.12
SBGR,2023-12-27 15:00:00,100,9.0,,9999,,,,BKN,4000.0,,,,,,,25.0,15.0,30.09
SBGR,2023-12-27 16:00:00,130,8.0,,9999,,,,BKN,4000.0,,,,,,,25.0,15.0,30.09
SBGR,2023-12-27 17:00:00,130,9.0,,9999,,,,BKN,4000.0,,,,,,,25.0,15.0,30.06
SBGR,2023-12-27 18:00:00,160,7.0,,9999,,,,BKN,4300.0,,,,,,,25.0,15.0,30.06
SBGR,2023-12-27 19:00:00,130,8.0,,9999,,,,BKN,4300.0,,,,,,,25.0,15.0,30.06
SBGR,2023-12-27 20:00:00,130,7.0,,9999,,,,BKN,3600.0,,,,,,,24.0,15.0,30.06
SBGR,2023-12-27 21:00:00,140,8.0,,9999,,,,BKN,4000.0,,,,,,,22.0,14.0,30.06
SBGR,2023-12-27 22:00:00,130,7.0,,9999,,,,BKN,4000.0,,,,,,,21.0,14.0,30.09
SBGR,2023-12-27 23:00:00,110,8.0,,10000,,,,,,,,,,,,20.0,15.0,30.09
SBGR,2023-12-28 00:00:00,130,6.0,,10000,,,,,,,,,,,,19.0,15.0,30.12
SBGR,2023-12-28 01:00:00,130,6.0,,9999,,,,SCT,2000.0,,,,,,,19.0,15.0,30.12
SBGR,2023-12-28 02:00:00,100,6.0,,9999,,,,SCT,2000.0,,,,,,,19.0,15.0,30.12
SBGR,2023-12-28 03:00:00,120,5.0,,9999,,,,FEW,2000.0,,,,,,,19.0,15.0,30.09
SBGR,2023-12-28 04:00:00,110,4.0,,9999,,,,FEW,2000.0,BKN,3000.0,,,,,18.0,13.0,30.09
SBGR,2023-12-28 05:00:00,70,6.0,,9999,,,,SCT,2000.0,,,,,,,18.0,13.0,30.06
SBGR,2023-12-28 06:00:00,80,5.0,,10000,,,,,,,,,,,,17.0,14.0,30.03
SBGR,2023-12-28 07:00:00,70,5.0,,10000,,,,,,,,,,,,16.0,14.0,30.03
SBGR,2023-12-28 08:00:00,80,6.0,,10000,,,,,,,,,,,,16.0,14.0,30.03
SBGR,2023-12-28 09:00:00,80,6.0,,9999,,,,FEW,4500.0,,,,,,,16.0,14.0,30.06
SBGR,2023-12-28 10:00:00,70,9.0,,9999,,,,FEW,4500.0,,,,,,,19.0,15.0,30.06
SBGR,2023-12-28 11:00:00,60,11.0,,10000,,,,,,,,,,,,21.0,15.0,30.09
SBGR,2023-12-28 12:00:00,70,10.0,,10000,,,,,,,,,,,,23.0,16.0,30.09
SBGR,2023-12-28 13:00:00,70,8.0,,9999,,,,FEW,4000.0,,,,,,,24.0,17.0,30.06
SBGR,2023-12-28 14:00:00,80,6.0,,9999,,,,FEW,4000.0,,,,,,,26.0,17.0,30.06
SBGR,2023-12-28 15:00:00,100,4.0,,9999,,,,SCT,4500.0,,,,,,,29.0,17.0,30.03
SBGR,2023-12-28 16:00:00,290,5.0,,9999,,,,BKN,4800.0,,,,,,,30.0,15.0,30.0
SBGR,2023-12-28 17:00:00,10,7.0,,9999,,,,BKN,4500.0,,,,,,,31.0,15.0,29.97
SBGR,2023-12-28 18:00:00,300,7.0,,9999,,,,SCT,4000.0,,,,,,,32.0,14.0,29.97
SBGR,2023-12-28 19:00:00,180,8.0,,8000,,,,FEW,4000.0,,,,,,,29.0,18.0,29.94
SBGR,2023-12-28 20:00:00,190,6.0,,10000,,,,,,,,,,,,28.0,19.0,29.94
SBGR,2023-12-28 21:00:00,190,5.0,,10000,,,,,,,,,,,,26.0,18.0,29.97
SBGR,2023-12-28 22:00:00,190,4.0,,10000,,,,,,,,,,,,25.0,18.0,29.97
SBGR,2023-12-28 23:00:00,180,2.0,,10000,,,,,,,,,,,,23.0,18.0,30.0
SBGR,2023-12-29 00:00:00,130,3.0,,10000,,,,,,,,,,,,22.0,18.0,30.0
SBGR,2023-12-29 01:00:00,90,4.0,,10000,,,,,,,,,,,,22.0,19.0,30.03
SBGR,2023-12-29 02:00:00,100,2.0,,10000,,,,,,,,,,,,21.0,19.0,30.03
SBGR,2023-12-29 03:00:00,120,2.0,,10000,,,,,,,,,,,,20.0,18.0,30.0
SBGR,2023-12-29 04:00:00,70,3.0,,10000,,,,,,,,,,,,20.0,18.0,30.0
SBGR,2023-12-29 05:00:00,70,4.0,,10000,,,,,,,,,,,,19.0,18.0,29.97
SBGR,2023-12-29 06:00:00,70,6.0,,10000,,,,,,,,,,,,19.0,18.0,29.94
SBGR,2023-12-29 07:00:00,70,6.0,,10000,,,,,,,,,,,,19.0,18.0,29.91
SBGR,2023-12-29 08:00:00,80,6.0,,10000,,,,,,,,,,,,19.0,18.0,29.94
SBGR,2023-12-29 09:00:00,70,6.0,,6000,,,,FEW,200.0,,,,,,,19.0,18.0,29.91
SBGR,2023-12-29 10:00:00,60,7.0,,8000,,,,NSC,,,,,,,,20.0,18.0,29.94
SBGR,2023-12-29 11:00:00,60,4.0,,10000,,,,,,,,,,,,24.0,19.0,29.97
SBGR,2023-12-29 12:00:00,30,3.0,,10000,,,,,,,,,,,,27.0,19.0,29.97
SBGR,2023-12-29 13:00:00,330,12.0,,10000,,,,,,,,,,,,31.0,19.0,29.97
SBGR,2023-12-29 14:00:00,320,12.0,,10000,,,,,,,,,,,,33.0,18.0,29.94
SBGR,2023-12-29 15:00:00,300,15.0,,9999,,,,FEW,4500.0,,,,,,,33.0,17.0,29.94
SBGR,2023-12-29 16:00:00,280,14.0,,9999,,,,FEW,4500.0,,,,,,,34.0,15.0,29.91
SBGR,2023-12-29 17:00:00,280,14.0,,10000,,,,,,,,,,,,35.0,16.0,29.91
SBGR,2023-12-29 18:00:00,290,13.0,,10000,,,,,,,,,,,,35.0,15.0,29.88
SBGR,2023-12-29 19:00:00,300,11.0,,10000,,,,,,,,,,,,36.0,15.0,29.88
SBGR,2023-12-29 20:00:00,290,10.0,,10000,,,,,,,,,,,,33.0,16.0,29.88
SBGR,2023-12-29 21:00:00,270,11.0,,10000,,,,,,,,,,,,32.0,16.0,29.88
SBGR,2023-12-29 22:00:00,270,7.0,,10000,,,,,,,,,,,,30.0,16.0,29.91
SBGR,2023-12-29 23:00:00,230,5.0,,10000,,,,,,,,,,,,30.0,16.0,29.94
SBGR,2023-12-30 00:00:00,180,2.0,,10000,,,,,,,,,,,,26.0,18.0,29.97
SBGR,2023-12-30 01:00:00,300,4.0,,10000,,,,,,,,,,,,25.0,17.0,29.97
SBGR,2023-12-30 02:00:00,260,5.0,,10000,,,,,,,,,,,,24.0,17.0,29.97
SBGR,2023-12-30 03:00:00,100,2.0,,10000,,,,,,,,,,,,23.0,17.0,29.94
SBGR,2023-12-30 04:00:00,80,4.0,,10000,,,,,,,,,,,,22.0,17.0,29.88
SBGR,2023-12-30 05:00:00,80,2.0,,10000,,,,,,,,,,,,21.0,17.0,29.88
SBGR,2023-12-30 06:00:00,0,0.0,,10000,,,,,,,,,,,,22.0,17.0,29.94
SBGR,2023-12-30 07:00:00,190,4.0,,10000,,,,,,,,,,,,24.0,17.0,29.97
SBGR,2023-12-30 08:00:00,170,11.0,,9999,,,,BKN,1700.0,,,,,,,23.0,19.0,30.0
SBGR,2023-12-30 09:00:00,150,9.0,,9999,,,,BKN,4000.0,,,,,,,22.0,17.0,30.03
SBGR,2023-12-30 10:00:00,160,7.0,,9999,,,,BKN,4300.0,,,,,,,22.0,17.0,30.03
SBGR,2023-12-30 11:00:00,160,6.0,,9999,,,,SCT,2100.0,BKN,4500.0,,,,,22.0,18.0,30.06
SBGR,2023-12-30 12:00:00,150,3.0,,7000,,,,SCT,2000.0,BKN,4500.0,,,,,21.0,20.0,30.06
SBGR,2023-12-30 12:42:00,130,3.0,,4000,-RA,BR,,BKN,1500.0,SCT,3000.0,,,,,21.0,19.0,30.09
SBGR,2023-12-30 13:00:00,110,4.0,,4500,-RA,BR,,BKN,1300.0,OVC,2500.0,,,,,20.0,19.0,30.09
SBGR,2023-12-30 14:00:00,100,5.0,,9999,,,,SCT,1300.0,OVC,2100.0,,,,,21.0,19.0,30.06
SBGR,2023-12-30 15:00:00,120,5.0,,9999,,,,SCT,1500.0,OVC,2300.0,,,,,22.0,18.0,30.06
SBGR,2023-12-30 16:00:00,180,6.0,,9999,,,,SCT,1300.0,OVC,2300.0,,,,,21.0,19.0,30.06
SBGR,2023-12-30 17:00:00,160,5.0,,9999,,,,FEW,1100.0,BKN,1500.0,OVC,2500.0,,,21.0,18.0,30.06
SBGR,2023-12-30 18:00:00,150,6.0,,9999,,,,BKN,1500.0,OVC,2000.0,,,,,22.0,18.0,30.03
SBGR,2023-12-30 19:00:00,160,6.0,,9999,,,,OVC,1500.0,,,,,,,21.0,17.0,30.03
SBGR,2023-12-30 20:00:00,160,7.0,,9999,,,,OVC,1700.0,,,,,,,21.0,17.0,30.03
SBGR,2023-12-30 21:00:00,160,9.0,,9999,,,,FEW,1100.0,OVC,1500.0,,,,,20.0,18.0,30.03
SBGR,2023-12-30 22:00:00,160,6.0,,9999,,,,OVC,1500.0,,,,,,,20.0,17.0,30.03
SBGR,2023-12-30 23:00:00,120,6.0,,9999,,,,BKN,1500.0,OVC,2500.0,,,,,20.0,17.0,30.06
SBGR,2023-12-30 23:40:00,110,9.0,,9999,,,,BKN,1100.0,OVC,2000.0,,,,,20.0,18.0,30.06
SBGR,2023-12-31 00:00:00,100,9.0,,9999,,,,BKN,900.0,OVC,2000.0,,,,,19.0,18.0,30.09
SBGR,2023-12-31 01:00:00,100,8.0,,9999,,,,SCT,1000.0,OVC,1500.0,,,,,20.0,17.0,30.09
SBGR,2023-12-31 02:00:00,120,6.0,,9999,,,,SCT,1300.0,OVC,2300.0,,,,,19.0,17.0,30.09
SBGR,2023-12-31 03:00:00,120,5.0,,9999,,,,SCT,1500.0,OVC,3300.0,,,,,19.0,16.0,30.09
SBGR,2023-12-31 04:00:00,120,7.0,,9999,,,,FEW,1100.0,BKN,4000.0,,,,,19.0,17.0,30.06
SBGR,2023-12-31 05:00:00,120,6.0,,9999,,,,FEW,1800.0,BKN,4000.0,,,,,19.0,16.0,30.06
SBGR,2023-12-31 06:00:00,120,7.0,,9999,,,,FEW,1500.0,BKN,4200.0,,,,,19.0,16.0,30.03
SBGR,2023-12-31 07:00:00,120,6.0,,9999,,,,BKN,4400.0,,,,,,,19.0,15.0,30.03
SBGR,2023-12-31 08:00:00,120,6.0,,9999,,,,BKN,4800.0,,,,,,,18.0,15.0,30.03
SBGR,2023-12-31 09:00:00,100,6.0,,9999,,,,SCT,2400.0,BKN,5000.0,,,,,18.0,15.0,30.06
SBGR,2023-12-31 10:00:00,90,6.0,,9999,,,,BKN,2300.0,BKN,5000.0,,,,,19.0,15.0,30.06
SBGR,2023-12-31 11:00:00,100,10.0,,9999,,,,FEW,2300.0,BKN,5000.0,,,,,21.0,14.0,30.06
SBGR,2023-12-31 12:00:00,90,11.0,,9999,,,,BKN,2300.0,,,,,,,22.0,15.0,30.09
SBGR,2023-12-31 13:00:00,90,10.0,,9999,,,,SCT,2600.0,BKN,5000.0,,,,,23.0,15.0,30.09
SBGR,2023-12-31 14:00:00,80,10.0,,9999,,,,OVC,2600.0,,,,,,,23.0,16.0,30.09
SBGR,2023-12-31 15:00:00,100,9.0,,9999,,,,OVC,2600.0,,,,,,,23.0,16.0,30.09
SBGR,2023-12-31 16:00:00,80,8.0,,9999,,,,BKN,2600.0,BKN,4500.0,,,,,24.0,17.0,30.06
SBGR,2023-12-31 17:00:00,110,6.0,,9999,,,,OVC,3000.0,,,,,,,23.0,16.0,30.06
SBGR,2023-12-31 18:00:00,140,6.0,,9999,,,,OVC,2500.0,,,,,,,24.0,18.0,30.03
SBGR,2023-12-31 19:00:00,150,7.0,,9999,,,,OVC,2000.0,,,,,,,22.0,17.0,30.03
SBGR,2023-12-31 20:00:00,120,10.0,,9999,,,,BKN,1700.0,BKN,3000.0,,,,,22.0,18.0,30.03
SBGR,2023-12-31 21:00:00,150,8.0,,9999,,,,BKN,1500.0,OVC,2500.0,,,,,21.0,17.0,30.03
SBGR,2023-12-31 21:40:00,140,8.0,,9999,,,,BKN,1300.0,OVC,2500.0,,,,,20.0,17.0,30.03
SBGR,2023-12-31 22:00:00,140,7.0,,9999,,,,BKN,1300.0,OVC,2500.0,,,,,20.0,17.0,30.03
SBGR,2023-12-31 23:00:00,110,8.0,,9999,,,,BKN,1300.0,BKN,2500.0,,,,,20.0,17.0,30.06
